id,hash,version,type,rarity,card_name_original,card_name,idol_name_orginal,idol_name
1020010010,43c291ec2be7596c75e302485193ead4,8,produce,2,白いツバサ,하얀 날개,櫻木 真乃,사쿠라기 마노
1020020010,fdb3e76af5c9928d0fd442da9309275b,8,produce,2,白いツバサ,하얀 날개,風野 灯織,카자노 히오리
1020030010,a946cad16454c62e639b48c582d8f715,8,produce,2,白いツバサ,하얀 날개,八宮 めぐる,하치미야 메구루
1020040010,0b612caf2c8666de1cbc9491eb150ca8,8,produce,2,白いツバサ,하얀 날개,月岡 恋鐘,츠키오카 코가네
1020050010,0e1b6cb1c1a90f4404c5d199dcc45f37,8,produce,2,白いツバサ,하얀 날개,田中 摩美々,타나카 마미미
1020060010,052acd6474ba16ee23550bc5aba47b87,8,produce,2,白いツバサ,하얀 날개,白瀬 咲耶,시라세 사쿠야
1020070010,13d73231f02715700a7c51f907b37728,8,produce,2,白いツバサ,하얀 날개,三峰 結華,미츠미네 유이카
1020080010,8a16c1006383737ecf2155560304c9c2,8,produce,2,白いツバサ,하얀 날개,幽谷 霧子,유코쿠 키리코
1020090010,e833d95b0d34b8dd70852b106f2f0945,8,produce,2,白いツバサ,하얀 날개,小宮 果穂,코미야 카호
1020100010,e7003bf1b10b4d8ad98b366ca56dc8d4,8,produce,2,白いツバサ,하얀 날개,園田 智代子,소노다 치요코
1020110010,d09fd69cb341eab38979e6a4cb22e374,8,produce,2,白いツバサ,하얀 날개,西城 樹里,사이죠 쥬리
1020120010,05f34049831590df43f1be18cc6e67c7,8,produce,2,白いツバサ,하얀 날개,杜野 凛世,모리노 린제
1020130010,1ec597303ff5264613ba856ee36239c7,8,produce,2,白いツバサ,하얀 날개,有栖川 夏葉,아리스가와 나츠하
1020140010,e374d0bbda1c8f307f4609c1b34434f3,8,produce,2,白いツバサ,하얀 날개,大崎 甘奈,오사키 아마나
1020150010,78d82528de27936af78a52667011e7cf,8,produce,2,白いツバサ,하얀 날개,大崎 甜花,오사키 텐카
1020160010,c8a3f0b3d7afc6cbb3c3ae1b28fb89c4,8,produce,2,白いツバサ,하얀 날개,桑山 千雪,쿠와야마 치유키
1020170010,c6b23f96f84ed49df314b64657c43f73,3,produce,2,白いツバサ,하얀 날개,芹沢 あさひ,세리자와 아사히
1020180010,61e484a7b049dc7a20e674d20475cf78,3,produce,2,白いツバサ,하얀 날개,黛 冬優子,마유즈미 후유코
1020190010,b5b3990db0eeccd4068ee14901827f0e,3,produce,2,白いツバサ,하얀 날개,和泉 愛依,이즈미 메이
1020200010,e78c807126e0784d136ea981bdcc2bba,3,produce,2,白いツバサ,하얀 날개,浅倉 透,아사쿠라 토오루
1020210010,19d88c6a604b1eca52f811a9161cf04b,3,produce,2,白いツバサ,하얀 날개,樋口 円香,히구치 마도카
1020220010,1703a90120516e14ae663645fe6c8d3f,3,produce,2,白いツバサ,하얀 날개,福丸 小糸,후쿠마루 코이토
1020230010,1b310782b368c7ced193285f2433c439,3,produce,2,白いツバサ,하얀 날개,市川 雛菜,이치카와 히나나
1020240010,f5922f22c836722274938cf8360b15bc,2,produce,2,白いツバサ,하얀 날개,七草 にちか,나나쿠사 니치카
1020250010,259e2cb01d686ac389395c6ebc84e4cf,2,produce,2,白いツバサ,하얀 날개,緋田 美琴,아케타 미코토
1030010010,aca516efe72eb876223a1958d6a19605,9,produce,3,ナチュラルモード,내추럴 모드,櫻木 真乃,사쿠라기 마노
1030010020,d570f51dff4dd2d18e98c0c84b822b94,8,produce,3,ぐうぜんBOOKS,우연 BOOKS,櫻木 真乃,사쿠라기 마노
1030010030,345405cc180b89030263a9f7c8bb96bb,6,produce,3,しじまに華ひととき,고요한 꽃의 한때,櫻木 真乃,사쿠라기 마노
1030010040,a87454492ba01631716ccb734ff4a18d,3,produce,3,花結びゆくゆく,꽃매듭 훗날,櫻木 真乃,사쿠라기 마노
1030010050,044b877795ddcc6c991b5a3e0ebc4f5e,2,produce,3,一番星の魔法,샛별의 마법,櫻木 真乃,사쿠라기 마노
1030010060,6356b0a1f516a2cea614acc425cbad47,1,produce,3,ピックアップ・スプリング,픽업 스프링,櫻木 真乃,사쿠라기 마노
1030020010,a30f3030dd7c8fba656ced1d1edeb2db,9,produce,3,手作りの心遣い,손수 만든 염려,風野 灯織,카자노 히오리
1030020020,91824d0484fd213818622b68c7453454,5,produce,3,マフラー直して、心は解けて,"머플러는 고치고, 마음은 풀리고",風野 灯織,카자노 히오리
1030020030,cc83fde96ec45426aaa8be8b8de5aa36,3,produce,3,落下予測地点,낙하 예측 지점,風野 灯織,카자노 히오리
1030020040,a0c9d54fe6e8ce50b1b699b6a4829805,2,produce,3,インビジブルタイム,인비저블 타임,風野 灯織,카자노 히오리
1030030010,c1ece030659cc24923e687862c38d0a3,8,produce,3,キネマ・リリックで夢見て,시네마 리릭으로 꿈꾸며,八宮 めぐる,하치미야 메구루
1030030020,5cd0e0f78b11514ca470b23d26865f9c,5,produce,3,小さな夜のトロイメライ,작은 밤의 트로이메라이,八宮 めぐる,하치미야 메구루
1030030030,4c5e870c980b964dd990d8392bc52b4f,3,produce,3,チエルアルコは流星の,치엘아르코는 유성의,八宮 めぐる,하치미야 메구루
1030030040,107216ee3f8f38a12a0cd6e09c6f3a78,3,produce,3,ハロー・ワールド,헬로 월드,八宮 めぐる,하치미야 메구루
1030040010,a77b7ff3de72c24d33f09ad1543e8217,9,produce,3,ばってん長崎恋岬,겁나게 나가사키 코이미사키,月岡 恋鐘,츠키오카 코가네
1030040020,fbd7ef22ce7c8ce0dc8fb24b363af386,9,produce,3,ビ～♡バップ海岸,비~♡밥 해안,月岡 恋鐘,츠키오카 코가네
1030040030,9c59f3214fb37e8518d84f9f4cb50fb7,3,produce,3,は～と♡に火をつけて,하~트♡에 불을 붙이고,月岡 恋鐘,츠키오카 코가네
1030040040,dd46132bf637709709cee905f0f1ae4a,2,produce,3,猫道カントリー,고양이 길 컨트리,月岡 恋鐘,츠키오카 코가네
1030040050,63fd8c15d50074dedfbadb24782ada0d,1,produce,3,雪、えとせとら,"눈, 기타 등등",月岡 恋鐘,츠키오카 코가네
1030050010,ae84533ea13d0d64ba5f284adcc5fc96,9,produce,3,裏腹あまのじゃく,정반대의 심술꾸러기,田中 摩美々,타나카 마미미
1030050020,fec86e546fe99b724863b4ca5ae6bed5,9,produce,3,夕つ方まみみチック,저녁 때의 마미미틱,田中 摩美々,타나카 마미미
1030050030,7874b354a200d4983223185d2f5e312d,5,produce,3,そのまみみ無気力につき,그 마미미 무기력해져서,田中 摩美々,타나카 마미미
1030050040,2e67ad6b93b41c5b88511dcd9774b388,3,produce,3,FANCY 24g,FANCY 24g,田中 摩美々,타나카 마미미
1030050050,52970a2d155674f2f588cfafcedbc2e9,1,produce,3,irodori-corridor,irodori-corridor,田中 摩美々,타나카 마미미
1030060010,bf117d2aeaedd909e5828d341a182398,9,produce,3,秘めやかファンサービス,비밀스러운 팬 서비스,白瀬 咲耶,시라세 사쿠야
1030060020,ed2184569e76b3db836f1e8a52cf9171,8,produce,3,ふれあい、おもいあい,"통하는 마음, 서로 간의 연모",白瀬 咲耶,시라세 사쿠야
1030060030,f95f055116060f93e153d5f834f963c1,2,produce,3,真紅一輪,진홍일륜,白瀬 咲耶,시라세 사쿠야
1030060040,b4c5cc9434285ebbe6d3319afc275ca9,3,produce,3,雪染めロマンティカ,눈에 물든 로만티카,白瀬 咲耶,시라세 사쿠야
1030070010,a53473de8f533fd0bef7943cd9e574b4,9,produce,3,カラフルメタモルフォーゼ,컬러풀 메타모르포제,三峰 結華,미츠미네 유이카
1030070020,0a6ade7a9d0eb6116e80046d84d69eb4,9,produce,3,雨色、上機嫌,"비색, 굉장히 좋은 기분",三峰 結華,미츠미네 유이카
1030070030,b6eb0371f34a31e0b6435b00f9835cd3,3,produce,3,お願い、ただの少女がいい,"부탁이야, 평범한 소녀가 좋아",三峰 結華,미츠미네 유이카
1030070040,5e884ccdaf364e8800c1e304bcac2b47,2,produce,3,Hakoni□a,Hakoni□a,三峰 結華,미츠미네 유이카
1030080010,bbc20495d6e4faadb95ec544f8467e50,9,produce,3,包・帯・組・曲,붕・대・조・곡,幽谷 霧子,유코쿠 키리코
1030080020,9e9b98ff8e3beb795345d22546aa42d3,9,produce,3,伝・伝・心・音,전・전・심・음,幽谷 霧子,유코쿠 키리코
1030080030,1fd4d0dce3e38390815ff9e020196046,4,produce,3,白・白・白・祈,백・백・백・기,幽谷 霧子,유코쿠 키리코
1030080040,2c9af942b668ecee53dcb9462dcbe7f9,3,produce,3,天・天・白・布,천・천・백・포,幽谷 霧子,유코쿠 키리코
1030080050,5f39d4090a02a3962851f978634c4b66,2,produce,3,雨・雨・電・電,우・우・전・전,幽谷 霧子,유코쿠 키리코
1030090010,33bf821865c614a66c57b658dcff68b8,9,produce,3,マメ丸と一緒！,마메마루와 함께!,小宮 果穂,코미야 카호
1030090020,f94724c369be584c5021ee668a0a7afa,8,produce,3,デコって！ハッピークッキー,예쁘게 꾸며줘! 해피 쿠키,小宮 果穂,코미야 카호
1030090030,5d47d8d959904f944da56933937ba35a,3,produce,3,キャッチ・ザ・フォール！,캐치 더 폴!,小宮 果穂,코미야 카호
1030090040,5e586152fe59f04ea35494d817cab13f,3,produce,3,窓辺・サイレントタイム,창가 사일런트 타임,小宮 果穂,코미야 카호
1030090050,57fb6a95a8c09b025943e1bf0e5e5c70,1,produce,3,ソー・ディフィカルト！,소 디피컬트!,小宮 果穂,코미야 카호
1030100010,3d5208993418b7441178e17691ccb092,9,produce,3,純真チョコレート,순진 초콜릿,園田 智代子,소노다 치요코
1030100020,26f5ab142e8bccbaf8fb742adbda8996,9,produce,3,よろしく♡めしませっ,잘♡드세욧,園田 智代子,소노다 치요코
1030100030,1b797d78168ada34c7ec5531c22926a3,3,produce,3,錯覚・Darling,착각 Darling,園田 智代子,소노다 치요코
1030100040,9147b864bd2cafb454709eed7533986e,2,produce,3,フロイラインに心酔,프로이라인에 심취,園田 智代子,소노다 치요코
1030110010,3805a0ec5fc37a697bd5bf656e432a32,9,produce,3,バッドガールの羽ばたき,배드 걸의 날갯짓,西城 樹里,사이죠 쥬리
1030110020,5ebdbb9ae11fc9651d0afc14671fdb59,9,produce,3,オフデーゲーム,오프데이 게임,西城 樹里,사이죠 쥬리
1030110030,1f3e46dcec3bc525268c7b9af3612d65,5,produce,3,STARTRAIN,STARTRAIN,西城 樹里,사이죠 쥬리
1030110040,ba5ae5d8eb26ee50887ba51415c8901a,2,produce,3,夏服にWIND YOU！,여름옷에 WIND YOU!,西城 樹里,사이죠 쥬리
1030120010,21d6705a16a3a85e120e302e6e3ea889,9,produce,3,想ひいろは,추억은 가나다순,杜野 凛世,모리노 린제
1030120020,009967f66dfbd4bc5636abe10484a553,9,produce,3,凛凛、凛世,"린린, 린제",杜野 凛世,모리노 린제
1030120030,6fc6c2b4f2481af91730da470faf4bed,9,produce,3,微熱風鈴,미열풍경,杜野 凛世,모리노 린제
1030120040,051a12d3010c80aded018cac93150338,8,produce,3,ふらここのうた,그네의 노래,杜野 凛世,모리노 린제
1030120050,12ca7333323f0a6223145b1de09292c3,2,produce,3,階段式純情昇降機,계단식 순정 승강기,杜野 凛世,모리노 린제
1030120060,26a4ee5e3bd529f05f1aa4c8f7e02e16,1,produce,3,春告窓,봄을 고하는 창,杜野 凛世,모리노 린제
1030130010,495823e5adc4b8e507d4fae3d80df1e9,9,produce,3,ストイックトレーニング,스토익 트레이닝,有栖川 夏葉,아리스가와 나츠하
1030130020,b28c6471dac3557ca7d5f1977a2792bd,8,produce,3,カトレアの花言葉,카틀레아의 꽃말,有栖川 夏葉,아리스가와 나츠하
1030130030,050e110ccd4cd667c1e6d63fcec46520,2,produce,3,鳥籠をひらいて,새장을 열고,有栖川 夏葉,아리스가와 나츠하
1030130040,a9004aa7d9f2489a45b54ac03e0fd0cc,2,produce,3,風がかけていくように,바람이 달려나가는 것처럼,有栖川 夏葉,아리스가와 나츠하
1030140010,591f545747a716b6edb2024cc4715c85,9,produce,3,似合うかな？,어울릴까?,大崎 甘奈,오사키 아마나
1030140020,e04b1b418bd350fbe34e8c2226a3be04,8,produce,3,甜花ちゃんといっしょ☆,텐카쨩과 함께☆,大崎 甘奈,오사키 아마나
1030140030,35caf6c16b39acbf924c488b31a1a34b,3,produce,3,ふたつの雨,두 개의 비,大崎 甘奈,오사키 아마나
1030140040,63b3f83e171c83d6a0e280a94a7ac167,3,produce,3,見つけたい、だけど……,"찾아내고, 싶지만……",大崎 甘奈,오사키 아마나
1030150010,130a8f09705036e69e990989a1482b0e,9,produce,3,秘密のだらだらタイム,비밀의 빈둥빈둥 타임,大崎 甜花,오사키 텐카
1030150020,46bbb12bc0263f9800a6ea709470a074,9,produce,3,シンメトリー・プールサイド,시메트리 풀사이드,大崎 甜花,오사키 텐카
1030150030,995ad574fcbf964c53a6dcf82e1ef881,8,produce,3,氷上バンビーナ,빙상 밤비나,大崎 甜花,오사키 텐카
1030150040,9ba69288db4e87e57b740bfe825bc3a7,5,produce,3,お日様染めのマリーナ,햇님색으로 물든 마리나,大崎 甜花,오사키 텐카
1030150050,89e243e03cb7b865eab05ae8b3747a1c,3,produce,3,ストライク狙って,스트라이크를 노리고,大崎 甜花,오사키 텐카
1030150060,a751ecb3ef88b57210a14bbdf3e43f22,1,produce,3,U♥DOLL,U♥DOLL,大崎 甜花,오사키 텐카
1030160010,6d75be96b875fe74fa60412ab7bc4c03,9,produce,3,マイフェイバリット,마이 페이버릿,桑山 千雪,쿠와야마 치유키
1030160020,db2bcf666dfb514a102126405992541b,9,produce,3,一夏一刻物語,한여름 한때 이야기,桑山 千雪,쿠와야마 치유키
1030160030,5be65489fc3b2a7f1e3a881e7c3581b9,5,produce,3,よそゆき顔のセレナーデ,점잖은 얼굴의 세레나데,桑山 千雪,쿠와야마 치유키
1030160040,c9db515fd3e471b0167e188215496866,3,produce,3,ワン・モア・フラワリング,원 모어 플라워링,桑山 千雪,쿠와야마 치유키
1030160050,e5b8b3e23d51047a4a498e5b4ddafa80,2,produce,3,夏、イエー,"여름, 예이",桑山 千雪,쿠와야마 치유키
1030170010,7afa786187accc1f494b5970e4757d65,3,produce,3,さかさま世界,거꾸로 세계,芹沢 あさひ,세리자와 아사히
1030170020,b38595f958abcc285d0eab78ea2b3b09,3,produce,3,かしゃーんとがらがら,찰캉과 드르르륵,芹沢 あさひ,세리자와 아사히
1030170030,78a3bca940d0fa4d4b8ab6157dd88c1f,2,produce,3,はり・はり,유리・유리,芹沢 あさひ,세리자와 아사히
1030170040,9a498bfda8c00ab4ecadfa23bd7a6b9c,2,produce,3,黄葉の冠,노란 단풍잎 관,芹沢 あさひ,세리자와 아사히
1030180010,51046c66c4b287f1492966974a04153f,3,produce,3,ザ・冬優子イズム,더 후유코이즘,黛 冬優子,마유즈미 후유코
1030180020,f861862937f60f3595ac0656b24ca64b,3,produce,3,水×天カイヤナイト,물×하늘 카이아나이트,黛 冬優子,마유즈미 후유코
1030180030,b43f56dd598d44a657b58f77940f126a,2,produce,3,はるさき可憐花,초봄 가련한 꽃,黛 冬優子,마유즈미 후유코
1030190010,340a18641c774c18109f12e2456e1ec8,3,produce,3,気になる！？染めちゃう！？,궁금해!? 염색해버려!?,和泉 愛依,이즈미 메이
1030190020,23ec9a30a7105f0fabcb7aa07a713b84,3,produce,3,てへっ♪,테헷♪,和泉 愛依,이즈미 메이
1030190030,99814cdaa069ccb45e72dbebeaa43e28,2,produce,3,ご褒美、いるよね♪,"보상, 필요하지♪",和泉 愛依,이즈미 메이
1030200010,da67da775a6789dc0703770efdfb441b,2,produce,3,まわるものについて,도는 것에 대하여,浅倉 透,아사쿠라 토오루
1030200020,b619114c51f7af2952da924b0883cb42,2,produce,3,おかえり、ギター,"어서 와, 기타",浅倉 透,아사쿠라 토오루
1030210010,31e584f78b7e203ea49513a5c03a20c4,2,produce,3,ダウト,다우트,樋口 円香,히구치 마도카
1030210020,f33cfd082411e9f909b8f91e7f455b21,1,produce,3,カラメル,카라멜,樋口 円香,히구치 마도카
1030220010,1b6b3a4856ae5db9752e7f1e271a2868,2,produce,3,はれのひ喫茶店,기념일 카페,福丸 小糸,후쿠마루 코이토
1030230010,9073001706267f4a479ebd44e35265c7,2,produce,3,#SS,#SS,市川 雛菜,이치카와 히나나
1030230020,bc7ffbfda6ab72bb78be5342625f6d80,2,produce,3,Makeup♡Box,Makeup♡Box,市川 雛菜,이치카와 히나나
1030240010,627afadb3034dca55fdfccced6075439,2,produce,3,一億回めくらいの、その夏,"일억 번째 정도의, 그 여름",七草 にちか,나나쿠사 니치카
1030250010,7f5add8c673347fa86483b1b065b00c8,1,produce,3,SEASON,SEASON,緋田 美琴,아케타 미코토
1040010010,1209a8ef1f8e6a454b7e8df52952bc7f,8,produce,4,ほわっとスマイル,부드러운 스마일,櫻木 真乃,사쿠라기 마노
1040010020,7f2b24447ba0de59a31bd000b8155529,5,produce,4,ハ♡トフェルトゥギフト,하♡트 펠트 기프트,櫻木 真乃,사쿠라기 마노
1040010030,c0f9c2150837b2024c617c47ee7327ff,3,produce,4,はじけてスマイル,튀어오르는 스마일,櫻木 真乃,사쿠라기 마노
1040010040,61e066bde039f64b3ee8d644094ee63e,3,produce,4,深染め、いろみぐさ,"짙은 물들임, 단풍",櫻木 真乃,사쿠라기 마노
1040010050,25b6b0ce8a620fdb172e4c0935285226,2,produce,4,ソラを跳ね,하늘을 뛰어올라,櫻木 真乃,사쿠라기 마노
1040010060,9a8b37fff0bfac7f42f6a3342ef0f891,2,produce,4,花風Smiley,꽃바람 Smiley,櫻木 真乃,사쿠라기 마노
1040010070,6c1b876bbb3c4b1347f8ffb062cc01c8,1,produce,4,ひとつ、はたたく,"하나, 펄럭이다",櫻木 真乃,사쿠라기 마노
1040010080,393e4d548c005ccca6e94f727424bbdd,1,produce,4,interStellar-Stella,interStellar-Stella,櫻木 真乃,사쿠라기 마노
1040020010,118a9af13ba8d3398f421bd579ed1231,9,produce,4,柔らかな微笑み,온화한 미소,風野 灯織,카자노 히오리
1040020020,6d139c8b1b7799750bbb2a4b04dfe79a,8,produce,4,淡雪の戯れ,얕게 깔린 눈에서의 장난,風野 灯織,카자노 히오리
1040020030,52664992d5e3a48430cc3664ffe1ce5e,3,produce,4,伸ばす手に乗せるのは,내민 손에 담는 것은,風野 灯織,카자노 히오리
1040020040,3544a2c47a774c45df1c32f23c6c8eb9,3,produce,4,清閑に息をひそめて,청한하게 숨을 죽이고,風野 灯織,카자노 히오리
1040020050,ba89662a317c249b5ec169418ebcc1cb,2,produce,4,黒百合前で待ち合わせ,검은 백합 앞에서 만나기로 해,風野 灯織,카자노 히오리
1040020060,6381f550fb1b61916aa4b74c6ea95505,2,produce,4,涼,시원함,風野 灯織,카자노 히오리
1040030010,da4298320e1d4023f775870a90330ada,9,produce,4,金色の元気いっぱいガール,금빛의 생기발랄한 걸,八宮 めぐる,하치미야 메구루
1040030020,3543e916e593c71649d11cf9563a760a,9,produce,4,夏に恋するピチカート！,여름에 사랑하는 피치카토!,八宮 めぐる,하치미야 메구루
1040030030,fc87a9d231ee04632de475afedb81b78,3,produce,4,シュカのまにまに,초여름 가는 대로,八宮 めぐる,하치미야 메구루
1040030040,a332d9763e4c8e2c2e780f2a5bb291ed,3,produce,4,日々を紡ぐインヴェルノ,나날을 자아내는 인베르노,八宮 めぐる,하치미야 메구루
1040030050,cc62e782d0adc54fb923bcec8d5608e2,2,produce,4,アイの誓い,사랑의 맹세,八宮 めぐる,하치미야 메구루
1040030060,8cbf322b3c022c1e777b3fc0cdac193c,2,produce,4,たまゆらフレーミング,순간 프레이밍,八宮 めぐる,하치미야 메구루
1040030070,90e9b762deb96f2c39a31d3d9fbcc543,1,produce,4,きゅん♡コメ,큥♡을 담아,八宮 めぐる,하치미야 메구루
1040040010,522da89a9744e24a1b7019c098c1b542,9,produce,4,ばりうまかブルース,겁나 맛있구마 블루스,月岡 恋鐘,츠키오카 코가네
1040040020,f9102724bbe7b724fe94a592101e1037,5,produce,4,月の浜辺で待っとって,달의 해변에서 기다려주소,月岡 恋鐘,츠키오카 코가네
1040040030,6364f8246128c9d2440a60707d0b96b8,3,produce,4,風吹く丘にはよ来んね,바람 부는 언덕으로 빨리 와라잉,月岡 恋鐘,츠키오카 코가네
1040040040,7cec6e0237bc0d219424043150f38b98,3,produce,4,うちのリボンは恋結び,내 리본은 사랑매듭,月岡 恋鐘,츠키오카 코가네
1040040050,002f6ed9f670d3846752f23e4e2b9d78,2,produce,4,心の鐘が鳴っとるけん,마음의 종이 울리고 있응께,月岡 恋鐘,츠키오카 코가네
1040040060,60fee14d4e9834d1d699255a3080d170,2,produce,4,秋空ばくちずさんで,가을 하늘을 흥얼거리고,月岡 恋鐘,츠키오카 코가네
1040050010,ef0e0564cc7caa1395643c38af1b2c2b,9,produce,4,トリッキーナイト,트리키 나이트,田中 摩美々,타나카 마미미
1040050020,38955eaf7020cfa36804575b9d4bea79,3,produce,4,摩的・アンチテーゼ,마적 안티테제,田中 摩美々,타나카 마미미
1040050030,0b5729eec17413424cd8fb6c98e4415e,3,produce,4,パープル・ミラージュ,퍼플 미라주,田中 摩美々,타나카 마미미
1040050040,a6ee96d016466b5abe24835b49cd871a,3,produce,4,フィドル・ファドル,피들 패들,田中 摩美々,타나카 마미미
1040050050,2a82768f7a4218749f7175b626e443e6,2,produce,4,真・TRAVELER,진 트래블러,田中 摩美々,타나카 마미미
1040050060,ad84a30d8c509e9e792a7c5b9e943117,2,produce,4,アバウト-ナイト-ライト,어바웃-나이트-라이트,田中 摩美々,타나카 마미미
1040050070,26fa26397363027d6a7d3a5522da60ff,1,produce,4,Have a bad day♥,Have a bad day♥,田中 摩美々,타나카 마미미
1040060010,6100767bc6caa304c422c7befb89630f,9,produce,4,紺碧のボーダーライン,감벽의 보더라인,白瀬 咲耶,시라세 사쿠야
1040060020,9ba28603a22e9dec0520efbd47f2b104,4,produce,4,1/60・NaturalHeart,1/60・NaturalHeart,白瀬 咲耶,시라세 사쿠야
1040060030,3da66e3ac5f9a8cafafb3f52634ed78a,3,produce,4,幸福のリズム,행복의 리듬,白瀬 咲耶,시라세 사쿠야
1040060040,8db38734e2946432fc8859f803a6fe2e,2,produce,4,海と太陽のプロメッサ,바다와 태양의 프로메사,白瀬 咲耶,시라세 사쿠야
1040060050,01b0a77ec26e4b54c1ba7244a804c867,2,produce,4,乙女と交わすTrick,소녀와 교차하는 Trick,白瀬 咲耶,시라세 사쿠야
1040060060,2d9aac7e6c93627f088264e4cf5d8c70,2,produce,4,渦と淵,소용돌이와 못,白瀬 咲耶,시라세 사쿠야
1040070010,b8958eb85bae77c360db05bf7596de26,8,produce,4,お試し／みつゴコロ,실험/비밀의 마음,三峰 結華,미츠미네 유이카
1040070020,722a3bca7271ce52b7b6a5127f3d9190,3,produce,4,それなら目をつぶりましょう,그렇다면 눈을 감읍시다,三峰 結華,미츠미네 유이카
1040070030,c8b919ab1117b090e1214c236c78e035,3,produce,4,NOT≠EQUAL,NOT≠EQUAL,三峰 結華,미츠미네 유이카
1040070040,47e58f6934c26cf841567c37339ed2fe,2,produce,4,く　ら　く　ら,어 질 어 질,三峰 結華,미츠미네 유이카
1040070050,5b2dd6d488a1a2e5fc303ac196383b46,2,produce,4,雨に祝福,비에 축복,三峰 結華,미츠미네 유이카
1040070060,7a60c62309e64be0a09eb09da7052279,2,produce,4,♡コメディ,♡코미디,三峰 結華,미츠미네 유이카
1040070070,c0a9b7bcc7de921bbb3fd236862ff71c,1,produce,4,kaleidoscope-pinball,kaleidoscope-pinball,三峰 結華,미츠미네 유이카
1040080010,3d5b0ecdb29adf12c3ab8a1535fb7606,8,produce,4,霧・音・燦・燦,무・음・찬・찬,幽谷 霧子,유코쿠 키리코
1040080020,51bc45117873eadc9804c61576f574e9,3,produce,4,夕・音・鳴・鳴,석・음・명・명,幽谷 霧子,유코쿠 키리코
1040080030,d7bdadbbe1ac0022fd92e0d2b5109c58,3,produce,4,菜・菜・輪・舞,채・채・윤・무,幽谷 霧子,유코쿠 키리코
1040080040,48358a1a5c0c375efa8ae5d7bd5aa1c2,3,produce,4,鱗・鱗・謹・賀,린・린・근・하,幽谷 霧子,유코쿠 키리코
1040080050,c9be8269cced54a395102242e7ce9fa7,2,produce,4,琴・禽・空・華,금・금・공・화,幽谷 霧子,유코쿠 키리코
1040080060,c6a187cf6764165482166f7dac86fa99,2,produce,4,かぜかんむりのこどもたち,바람을 품은 아이들,幽谷 霧子,유코쿠 키리코
1040090010,81ee9a39be6be420e028a2e6e5548526,9,produce,4,第２形態アーマードタイプ,제2 형태 아머드 타입,小宮 果穂,코미야 카호
1040090020,1a6c76bfef92bfcfed4ab4cc1223b00a,5,produce,4,新装備・バブルバスター！,신장비・버블 버스터!,小宮 果穂,코미야 카호
1040090030,22631145ac01142a511d082b9ab3caeb,3,produce,4,潮騒のシーショア,파도 소리의 시쇼어,小宮 果穂,코미야 카호
1040090040,4cc4728625a5710d52aecc0baac7a11f,3,produce,4,エクストリーム・ブレイク！,익스트림・브레이크!,小宮 果穂,코미야 카호
1040090050,007ba0545524a9d8dace3bfb693b7a98,2,produce,4,日刊ウィズ・ユー！,일간 위드 유!,小宮 果穂,코미야 카호
1040090060,0324a947d30ad6a540205cb162b2749f,2,produce,4,フルスロットルエイジ！,풀 스로틀 에이지!,小宮 果穂,코미야 카호
1040090070,719239603cf956949039f98f67526e70,1,produce,4,ギア・アップ！ゴー・オン！,기어 업! 고 온!,小宮 果穂,코미야 카호
1040100010,94175920091bef4343c55f2b6350b446,8,produce,4,ちょこ色×きらきらロマン,쵸코색x반짝반짝 로망,園田 智代子,소노다 치요코
1040100020,3660533f8aa214d1da9c58c7aaff39e3,5,produce,4,あそ→と♡ちよこれいと,어소→트♡치요코레엣,園田 智代子,소노다 치요코
1040100030,561c50d79637cc8f4d33666b8c1c1fc2,3,produce,4,かきまぜたら＊ミルク,휘저으면＊밀크,園田 智代子,소노다 치요코
1040100040,00acd93518ff3435217b3c9317b224ba,3,produce,4,You're My Dream,You're My Dream,園田 智代子,소노다 치요코
1040100050,7cbbaeeb6cb5b61febc26555a52df818,2,produce,4,プリティ・スイート,프리티 스위트,園田 智代子,소노다 치요코
1040100060,c306915626ce4d9ed4d48966693f05f7,2,produce,4,砂糖づけ・ビターエンド,설탕 절임 비터 엔드,園田 智代子,소노다 치요코
1040100070,2fe6b83977a66452afaae3454c8cc329,1,produce,4,トコハレ☀コメディ,언제나 맑음☀코미디,園田 智代子,소노다 치요코
1040110010,d94517472f7f861802525cb40b4b6f53,9,produce,4,ラムネ色の覚悟,라무네색 각오,西城 樹里,사이죠 쥬리
1040110020,2420905e26f76a09229c3285a9e10929,7,produce,4,とびっきりジンジャー,특출난 진저,西城 樹里,사이죠 쥬리
1040110030,ac4902b543f190e277cfd838fc18c1d3,3,produce,4,曲がり角のランウェイ,전환점의 런웨이,西城 樹里,사이죠 쥬리
1040110040,ba2e104d15b2058734abf7783a3ae96d,3,produce,4,誰が為シンパシー,누군가를 위한 심퍼시,西城 樹里,사이죠 쥬리
1040110050,5bf60a8783c19d3760e1b7ab8522ad4c,2,produce,4,秋陽のスケッチ,가을볕 스케치,西城 樹里,사이죠 쥬리
1040110060,ba97d7c2b392de885ad3867914662e90,2,produce,4,I・OWE・U,I・OWE・U,西城 樹里,사이죠 쥬리
1040110070,742b5821396271e81f6b836efb95c5d1,1,produce,4,花染む街で、君と,"꽃으로 물든 거리에서, 너와",西城 樹里,사이죠 쥬리
1040120010,3b73d3ff6325d5732c0c3af7448f49dc,8,produce,4,杜野凛世の印象派,모리노 린제의 인상파,杜野 凛世,모리노 린제
1040120020,6769fd160c8a173f01024f7e13f53f29,3,produce,4,凛世花伝,린제화전,杜野 凛世,모리노 린제
1040120030,a6bd802399c48b88705624ce78a0222d,3,produce,4,水色感情,물색 감정,杜野 凛世,모리노 린제
1040120040,d39d7f29525a051941406a6dc2c441cf,3,produce,4,十二月短篇,십이월 단편,杜野 凛世,모리노 린제
1040120050,b692b7f973991e53930fab5e173f2d1d,2,produce,4,われにかへれ,나에게 돌아오라,杜野 凛世,모리노 린제
1040120060,67de71e822f85917ee81ea62b1664e8c,2,produce,4,ロー・ポジション,로우 포지션,杜野 凛世,모리노 린제
1040120070,ca9c8483529c9e59b5521c01d871264a,1,produce,4,さよならごつこ,이별놀이,杜野 凛世,모리노 린제
1040130010,8e93974368b23746cb85636a0ae862af,9,produce,4,アルティメットマーメイド,얼티밋 머메이드,有栖川 夏葉,아리스가와 나츠하
1040130020,651bf5eaa3d8ea09afc6278d7f366580,5,produce,4,メイドインナツハ,메이드 인 나츠하,有栖川 夏葉,아리스가와 나츠하
1040130030,2b0ff267165d7140cbf20381e3f60585,3,produce,4,Ring a bell,Ring a bell,有栖川 夏葉,아리스가와 나츠하
1040130040,f4765236badc1666775b94314e9fb702,3,produce,4,♡AKQJ10,♡AKQJ10,有栖川 夏葉,아리스가와 나츠하
1040130050,8758d40b11b171972829238520f28eb6,2,produce,4,cheer+,cheer+,有栖川 夏葉,아리스가와 나츠하
1040130060,01082ee04ba92b345f07a3ef2bdd9a2a,2,produce,4,夏は来ぬ,여름은 왔다,有栖川 夏葉,아리스가와 나츠하
1040130070,5defd55fcfef7f2798696a9a7caa9974,1,produce,4,マイバレンタイン,마이 발렌타인,有栖川 夏葉,아리스가와 나츠하
1040140010,9f3b7a64886aff68d78643a12eb3e389,9,produce,4,スタンバイオッケー,스탠 바이 오케이,大崎 甘奈,오사키 아마나
1040140020,80d99ba9bee0096a8ef08d2459c38efd,5,produce,4,ゆらゆらアクアリウム,흔들흔들 아쿠아리움,大崎 甘奈,오사키 아마나
1040140030,b674366fddb233b0a8d2a9a02fac3100,3,produce,4,ないしょのスイーツ,비밀의 스위츠,大崎 甘奈,오사키 아마나
1040140040,027481afab683d8cb8a070ab00a2f450,3,produce,4,お散歩サンライト,산책 선라이트,大崎 甘奈,오사키 아마나
1040140050,521c52e6720bfb65c45797ffac187d4c,2,produce,4,叶えて☆ゴールドフィッシュ,이루어줘☆골드 피쉬,大崎 甘奈,오사키 아마나
1040140060,b88d855724b44c8fb03ca67ac17cb569,2,produce,4,約束ペタル,약속 페탈,大崎 甘奈,오사키 아마나
1040140070,ef46e9a53753b91b0b75231875b4a0fa,2,produce,4,雪空セパレート,눈하늘 세퍼레이트,大崎 甘奈,오사키 아마나
1040140080,1aadd633117da85ce12e4ac7b021d007,1,produce,4,longing,longing,大崎 甘奈,오사키 아마나
1040150010,3c983e5fb9bb7eaa925c4d8ab6ac9674,9,produce,4,事務所。静寂。大輪の華,사무소. 정적. 큰 송이 꽃,大崎 甜花,오사키 텐카
1040150020,de29145ac03d329f18248591a4af1432,3,produce,4,好きなものはなんですか？,좋아하는 것은 무엇인가요?,大崎 甜花,오사키 텐카
1040150030,fb48984f649fa75256652a17e13cb97a,3,produce,4,I♡DOLL,I♡DOLL,大崎 甜花,오사키 텐카
1040150040,b64d9c9485d34c2b91709ef84184e43a,3,produce,4,四夜一夜物語,사일야화,大崎 甜花,오사키 텐카
1040150050,277d5edbef17bfd7918a7ed832a72aec,2,produce,4,BON・BON・DAY！,BON・BON・DAY!,大崎 甜花,오사키 텐카
1040150060,f6a02b89b7cd1adea23cf125a59d91e2,2,produce,4,バス・タイムの気分で,배스 타임 기분으로,大崎 甜花,오사키 텐카
1040150070,2b096a875cd2646f801131d775f24332,1,produce,4,Feel Like Flower,Feel Like Flower,大崎 甜花,오사키 텐카
1040160010,aa1970c28b9d338c9da486d7fdf805e7,8,produce,4,マイ・ピュア・ロマンス,마이 퓨어 로맨스,桑山 千雪,쿠와야마 치유키
1040160020,24357aaf4fa554548887396128c07ae7,3,produce,4,シークレット・ヒロイン,시크릿 히로인,桑山 千雪,쿠와야마 치유키
1040160030,2eac5486f206e4667862f7291a9dff0f,3,produce,4,サマーハニー・シーズン,서머 허니 시즌,桑山 千雪,쿠와야마 치유키
1040160040,cc81c157f5122e9e835a2b96d60b7fc5,3,produce,4,はるかぜまち、1番地,"봄바람마을, 1번지",桑山 千雪,쿠와야마 치유키
1040160050,328425d11e0250dcb423f3711c810333,2,produce,4,秋空と紅葉,가을 하늘과 단풍잎,桑山 千雪,쿠와야마 치유키
1040160060,3ea66b88b6469f4b5e3880e44e8726f8,2,produce,4,ハッピー・アイ・スクリーム,해피 아이 스크림,桑山 千雪,쿠와야마 치유키
1040160070,5d85e36c3a97bdfd8bd69ef726f2a31c,1,produce,4,つよがりのためのララバイ,강한 척하기 위한 럴러바이,桑山 千雪,쿠와야마 치유키
1040170010,bf7654cea8730408eaca21656d2b5933,3,produce,4,ジャンプ！スタッグ！！！,점프! 스태그!!!,芹沢 あさひ,세리자와 아사히
1040170020,de712b3c8418bdd8ddb92b20e212e4a8,3,produce,4,空と青とアイツ,하늘과 파랑과 그 녀석,芹沢 あさひ,세리자와 아사히
1040170030,b0a2d07673904ee95e83b163dd1837ce,2,produce,4,不機嫌なテーマパーク,언짢은 테마파크,芹沢 あさひ,세리자와 아사히
1040170040,95e66f8444125fcfe08a344ddb5f4c52,2,produce,4,Housekeeping!,Housekeeping!,芹沢 あさひ,세리자와 아사히
1040170050,4f4b2834bc29f3e55f7f65e4cbfd2636,1,produce,4,Howling,Howling,芹沢 あさひ,세리자와 아사히
1040180010,fef3e4ec9ee3fcf88391873022110223,3,produce,4,オ♡フ♡レ♡コ,오♡프♡레♡코,黛 冬優子,마유즈미 후유코
1040180020,608257203db717cf5ebb6eff51428990,2,produce,4,アンシーン・ダブルキャスト,언씬 더블 캐스트,黛 冬優子,마유즈미 후유코
1040180030,c29a7aa9c7ce476b29d703885c88b82f,2,produce,4,starring F,starring F,黛 冬優子,마유즈미 후유코
1040180040,35270fd2adabc72551e3b84cf384a6e3,2,produce,4,ONSTAGE？,ONSTAGE?,黛 冬優子,마유즈미 후유코
1040180050,3ae3c6153f357a35b008246a203a41da,1,produce,4,multi-angle,multi-angle,黛 冬優子,마유즈미 후유코
1040190010,a797a6fa4d9319e4019322883481ca1c,3,produce,4,ちょっとあげる～,조금 줄게~,和泉 愛依,이즈미 메이
1040190020,66f256d380a3893b02ceef28c340ce76,3,produce,4,メイ・ビー,메이 비,和泉 愛依,이즈미 메이
1040190030,b593edb8017a19c7eed83b04a5c5614d,2,produce,4,シャッターチャンス！？,셔터 찬스!?,和泉 愛依,이즈미 메이
1040190040,32b83a73e0d4c93358f0fbc19cbfbfe4,2,produce,4,今のうちは走らない,지금은 안 달려,和泉 愛依,이즈미 메이
1040190050,e4837e33b3730660ba998293d73fd6e5,2,produce,4,ちょー早い！,완전 빨라!,和泉 愛依,이즈미 메이
1040190060,455ff7f00615976e6f2ecaf9b51285fb,1,produce,4,あたし流・かっこいい,내 방식의 멋,和泉 愛依,이즈미 메이
1040200010,9627c8bb1322c0bce3487adfa5cead04,2,produce,4,10個、光,"10개, 빛",浅倉 透,아사쿠라 토오루
1040200020,15990bcce9069bd7af834d6235f39a92,2,produce,4,途方もない午後,터무니없는 오후,浅倉 透,아사쿠라 토오루
1040200030,009bb275fde8a6671fbda5980aca3d1a,2,produce,4,つづく、,"계속,",浅倉 透,아사쿠라 토오루
1040200040,e1e9ff535887e08eb6b433b26b213e3d,1,produce,4,国道沿いに、憶光年,"국도를 따라, 억광년",浅倉 透,아사쿠라 토오루
1040210010,c16f6034f53f5303c264831515ef0d9a,2,produce,4,カラカラカラ,카라카라카라,樋口 円香,히구치 마도카
1040210020,b898843c8240a951e1c8cd095f6434bd,2,produce,4,ギンコ・ビローバ,긴코 빌로바,樋口 円香,히구치 마도카
1040210030,548401a0c3696b9e515f4ff29fb04407,2,produce,4,ピトス・エルピス,피토스 엘피스,樋口 円香,히구치 마도카
1040210040,4c1a3a4930024a52dda387a4a91bc913,1,produce,4,オイサラバエル,늙어빠지다,樋口 円香,히구치 마도카
1040220010,d7038fba9f7b2153cb56ba5e24410c81,2,produce,4,ポシェットの中には,핸드백 안에는,福丸 小糸,후쿠마루 코이토
1040220020,b674a7f211f61a78912ede1f51102ccd,2,produce,4,おみくじ結びますか,오미쿠지 묶으실래요?,福丸 小糸,후쿠마루 코이토
1040220030,d9b38a2981ee9a43f87d34a43a3d6dd0,1,produce,4,てのひらの答え,손바닥 안의 답,福丸 小糸,후쿠마루 코이토
1040220040,7f4cb7bb686ca6a858c65ca31cb0ae69,1,produce,4,なつやすみ学校,여름방학 학교,福丸 小糸,후쿠마루 코이토
1040230010,30b4a15a104f745429162bc75fec4f3e,2,produce,4,HAPPY-!NG,HAPPY-!NG,市川 雛菜,이치카와 히나나
1040230020,5660b8d0be6838831be9cd4c21fd1497,2,produce,4,♡LOG,♡LOG,市川 雛菜,이치카와 히나나
1040230030,0b80dda027e41c989c10ff6fc6082a90,2,produce,4,TRICK☆☆☆,TRICK☆☆☆,市川 雛菜,이치카와 히나나
1040240010,3d0392cfc4e1a1bb2be3041d96a6d37c,2,produce,4,♡まっクろはムウサぎ♡,♡새까만 건 햄토끼♡,七草 にちか,나나쿠사 니치카
1040240020,88606c757ee1a40c2b19c0f70664aa46,2,produce,4,ヴぇりべりいかシたサマー,붸리 베리 근사한 서머,七草 にちか,나나쿠사 니치카
1040240030,7d8fde579b1c85e1a44ec4aaa7df8226,1,produce,4,夜よこノ窓は塗らないデ,밤아 이 창은 칠하지 말아줘,七草 にちか,나나쿠사 니치카
1040250010,d7a32f9ebe6c8cae8f6caa054a91b721,2,produce,4,ROUNDLY,ROUNDLY,緋田 美琴,아케타 미코토
1040250020,16e7c63bde53df22a5439d935610e8d8,2,produce,4,CHILLY,CHILLY,緋田 美琴,아케타 미코토
1040250030,ff9bde2f86e3b415c1f28befbb9d9984,1,produce,4,CONTRAIL,CONTRAIL,緋田 美琴,아케타 미코토
1930010010,a456b7b0657ec4309dd56621c5290341,3,produce,3,白いツバサ,하얀 날개,櫻木 真乃,사쿠라기 마노
1930020010,c2432051f09583480f3682491b4c9353,3,produce,3,白いツバサ,하얀 날개,風野 灯織,카자노 히오리
1930030010,0898131d0de2d07d369fd7234c2d7911,3,produce,3,白いツバサ,하얀 날개,八宮 めぐる,하치미야 메구루
1930040010,4f1e93874e54293126f846e63eacbca8,3,produce,3,白いツバサ,하얀 날개,月岡 恋鐘,츠키오카 코가네
1930050010,a4e086af0297556a717fd0f557c7bd29,3,produce,3,白いツバサ,하얀 날개,田中 摩美々,타나카 마미미
1930060010,d2bcb351cfde417bd19298ccad5ff4bd,3,produce,3,白いツバサ,하얀 날개,白瀬 咲耶,시라세 사쿠야
1930070010,aa3b4389d0f528845a1b5686921011e5,3,produce,3,白いツバサ,하얀 날개,三峰 結華,미츠미네 유이카
1930080010,60ece4a195caefd1433467b1d0868a8f,3,produce,3,白いツバサ,하얀 날개,幽谷 霧子,유코쿠 키리코
1930090010,2380870418f6343e1405c72472d3c799,3,produce,3,白いツバサ,하얀 날개,小宮 果穂,코미야 카호
1930100010,67fc7816ad6a78ab3a4a42d5143999bf,3,produce,3,白いツバサ,하얀 날개,園田 智代子,소노다 치요코
1930110010,a0f3b8edffe009d9595a2c30e1c78411,3,produce,3,白いツバサ,하얀 날개,西城 樹里,사이죠 쥬리
1930120010,d8f3826ed1ed80c682e986723cc16fbc,3,produce,3,白いツバサ,하얀 날개,杜野 凛世,모리노 린제
1930130010,d73458d8d55a4a87df124c7f86c91a2e,3,produce,3,白いツバサ,하얀 날개,有栖川 夏葉,아리스가와 나츠하
1930140010,da2d403ca28be5a14f94a5cb2c7a86bd,3,produce,3,白いツバサ,하얀 날개,大崎 甘奈,오사키 아마나
1930150010,0c95659d7bdb846fc65aa7950925de20,3,produce,3,白いツバサ,하얀 날개,大崎 甜花,오사키 텐카
1930160010,57681b0714f44385f52ff7c640c43893,3,produce,3,白いツバサ,하얀 날개,桑山 千雪,쿠와야마 치유키
1930170010,4892cbfaefb312e08a729cb049b9b42a,3,produce,3,白いツバサ,하얀 날개,芹沢 あさひ,세리자와 아사히
1930180010,20c15ac91fafd88d897502d47bc85ce2,3,produce,3,白いツバサ,하얀 날개,黛 冬優子,마유즈미 후유코
1930190010,77852dc02f2ea6a4c5b076f9d472e4d1,3,produce,3,白いツバサ,하얀 날개,和泉 愛依,이즈미 메이
1930200010,076df3f96b9893dc8f66f7f97334bf1d,3,produce,3,白いツバサ,하얀 날개,浅倉 透,아사쿠라 토오루
1930210010,12a92af88112d77f11f2c70d33f688bf,3,produce,3,白いツバサ,하얀 날개,樋口 円香,히구치 마도카
1930220010,dd08313ababba9c41e48359888f30537,3,produce,3,白いツバサ,하얀 날개,福丸 小糸,후쿠마루 코이토
1930230010,d4eb89895c481bf985baf2e90bb59e31,3,produce,3,白いツバサ,하얀 날개,市川 雛菜,이치카와 히나나
1930240010,a7828ca201f899f270900d6e76b1a396,2,produce,3,白いツバサ,하얀 날개,七草 にちか,나나쿠사 니치카
1930250010,a03a0f314e01ae8b8723b6711d4ac5d4,2,produce,3,白いツバサ,하얀 날개,緋田 美琴,아케타 미코토
1940010010,547d5c0d4b83b5e898d2e1b69d3f783d,3,produce,4,アイドルロード,아이돌 로드,櫻木 真乃,사쿠라기 마노
1940020010,d575946a91cc1d6b5c9ded5d26222f83,3,produce,4,アイドルロード,아이돌 로드,風野 灯織,카자노 히오리
1940030010,1051dc943ce5556b9df4eedefeed2b18,3,produce,4,アイドルロード,아이돌 로드,八宮 めぐる,하치미야 메구루
1940040010,45bca4f8658e71eebf952d606055b235,3,produce,4,アイドルロード,아이돌 로드,月岡 恋鐘,츠키오카 코가네
1940050010,95234f73dd6a85517e60b8bcc9e43d38,3,produce,4,アイドルロード,아이돌 로드,田中 摩美々,타나카 마미미
1940060010,772215fa2fd39ab447c5fc3a9e07ab9a,3,produce,4,アイドルロード,아이돌 로드,白瀬 咲耶,시라세 사쿠야
1940070010,690e021203dd9c667dbf5878920a3e3d,3,produce,4,アイドルロード,아이돌 로드,三峰 結華,미츠미네 유이카
1940080010,fad9f095193a722337def0d6b4c38cde,3,produce,4,アイドルロード,아이돌 로드,幽谷 霧子,유코쿠 키리코
1940090010,ad532e9721e30bb61c0d5d8dac66883b,3,produce,4,アイドルロード,아이돌 로드,小宮 果穂,코미야 카호
1940100010,f85021385198a1ebd98fa8e0d9e10b2d,3,produce,4,アイドルロード,아이돌 로드,園田 智代子,소노다 치요코
1940110010,a965711aae91e06311e3cf44a6176edb,3,produce,4,アイドルロード,아이돌 로드,西城 樹里,사이죠 쥬리
1940120010,17cd6c3ff4d35e11d1b93ea7f7a1159c,3,produce,4,アイドルロード,아이돌 로드,杜野 凛世,모리노 린제
1940130010,2bf23bf88c7a2820c404b63bfa83a797,3,produce,4,アイドルロード,아이돌 로드,有栖川 夏葉,아리스가와 나츠하
1940140010,7810569d8843190d7b1d470a7a389f90,3,produce,4,アイドルロード,아이돌 로드,大崎 甘奈,오사키 아마나
1940150010,9c878440b0a713e454ba58bb7e696c6e,3,produce,4,アイドルロード,아이돌 로드,大崎 甜花,오사키 텐카
1940160010,3a2c9039ee9166c59425b5df9b55f038,3,produce,4,アイドルロード,아이돌 로드,桑山 千雪,쿠와야마 치유키
1940170010,c956a6e751beb496abb4d6bc94df0fd1,3,produce,4,アイドルロード,아이돌 로드,芹沢 あさひ,세리자와 아사히
1940180010,1a2db84022fb3a866a80e0a3dfcb68de,3,produce,4,アイドルロード,아이돌 로드,黛 冬優子,마유즈미 후유코
1940190010,83bf3ecf5140239aa20c34e07d0318a2,3,produce,4,アイドルロード,아이돌 로드,和泉 愛依,이즈미 메이
1940200010,c9a6148850dd58be92f7a85351798612,3,produce,4,アイドルロード,아이돌 로드,浅倉 透,아사쿠라 토오루
1940210010,30d3d5fed2fb7f70efe621dd58c9a300,3,produce,4,アイドルロード,아이돌 로드,樋口 円香,히구치 마도카
1940220010,68ecea1c3fdee752637a34c110c2bc25,3,produce,4,アイドルロード,아이돌 로드,福丸 小糸,후쿠마루 코이토
1940230010,8add2ad55482da34767ffbb711e2daca,3,produce,4,アイドルロード,아이돌 로드,市川 雛菜,이치카와 히나나
1940240010,09b4279c34f7b87e0f4d6c9395806719,2,produce,4,アイドルロード,아이돌 로드,七草 にちか,나나쿠사 니치카
1940250010,18ae2ddca621a75c0e02961f31ba35f7,2,produce,4,アイドルロード,아이돌 로드,緋田 美琴,아케타 미코토
2010050010,094af45e9caa28e17a298fc16f5e5d3a,1,support,9,アイドルのたまご,햇병아리 아이돌,田中 摩美々,타나카 마미미
2010060010,4843ae6c1660ef777d2edfe175c16a96,1,support,9,アイドルのたまご,햇병아리 아이돌,白瀬 咲耶,시라세 사쿠야
2010130010,660b89ba82dcf8e0cc34ac36efc3d52d,1,support,9,アイドルのたまご,햇병아리 아이돌,有栖川 夏葉,아리스가와 나츠하
2010150010,7824e047252464fc689649ce63729708,1,support,9,アイドルのたまご,햇병아리 아이돌,大崎 甜花,오사키 텐카
2020010010,7bf24acfd735768bdf3cd9bf3ff74920,8,support,2,２８３プロのヒナ,283프로의 병아리,櫻木 真乃,사쿠라기 마노
2020020010,b6ad64d7f4a7be9e45ade15c54f68678,8,support,2,２８３プロのヒナ,283프로의 병아리,風野 灯織,카자노 히오리
2020030010,f14e29dd39b2206fa729ec2696138119,8,support,2,２８３プロのヒナ,283프로의 병아리,八宮 めぐる,하치미야 메구루
2020040010,de1c3046a46c7c5f0f89358b160510c4,8,support,2,２８３プロのヒナ,283프로의 병아리,月岡 恋鐘,츠키오카 코가네
2020050010,f14be13d667e134c2466ef23e3ac87c2,8,support,2,２８３プロのヒナ,283프로의 병아리,田中 摩美々,타나카 마미미
2020060010,242a0fca67b327a967311077f7d82926,8,support,2,２８３プロのヒナ,283프로의 병아리,白瀬 咲耶,시라세 사쿠야
2020070010,a16fc6bd882ecb53ff93c0f19363bf82,8,support,2,２８３プロのヒナ,283프로의 병아리,三峰 結華,미츠미네 유이카
2020080010,3abd22ea699fb7c8d29217942f34c06a,8,support,2,２８３プロのヒナ,283프로의 병아리,幽谷 霧子,유코쿠 키리코
2020090010,a48d38af63af10d3361342969b0319bc,8,support,2,２８３プロのヒナ,283프로의 병아리,小宮 果穂,코미야 카호
2020100010,3a65dead6e50d8d18beb086a2d65dd78,8,support,2,２８３プロのヒナ,283프로의 병아리,園田 智代子,소노다 치요코
2020110010,763f7a501e1a24e30046aa423e10e724,8,support,2,２８３プロのヒナ,283프로의 병아리,西城 樹里,사이죠 쥬리
2020120010,025bc31147340e4b55baf50910325b8a,8,support,2,２８３プロのヒナ,283프로의 병아리,杜野 凛世,모리노 린제
2020130010,454fa80c5c8e3c2c284a58f6f2002603,8,support,2,２８３プロのヒナ,283프로의 병아리,有栖川 夏葉,아리스가와 나츠하
2020140010,f78ad9d179777988ff90bd574fb22bc9,8,support,2,２８３プロのヒナ,283프로의 병아리,大崎 甘奈,오사키 아마나
2020150010,2a691a04cd6884f9bd7bcf5b4739f063,8,support,2,２８３プロのヒナ,283프로의 병아리,大崎 甜花,오사키 텐카
2020160010,5bea75a2febb7069c7188921211845d6,8,support,2,２８３プロのヒナ,283프로의 병아리,桑山 千雪,쿠와야마 치유키
2020170010,711bd8ebbb14160385b9b33b997b3c1c,3,support,2,２８３プロのヒナ,283프로의 병아리,芹沢 あさひ,세리자와 아사히
2020180010,e649976b5accc42b8f73552c83d8e1db,3,support,2,２８３プロのヒナ,283프로의 병아리,黛 冬優子,마유즈미 후유코
2020190010,ca0326a9e94c23a0e03b179c4dffd075,3,support,2,２８３プロのヒナ,283프로의 병아리,和泉 愛依,이즈미 메이
2020200010,2f765fe2439457b1cf0001330a7f1087,3,support,2,２８３プロのヒナ,283프로의 병아리,浅倉 透,아사쿠라 토오루
2020210010,08ce6dca93ce15a3062c76cff7b77551,3,support,2,２８３プロのヒナ,283프로의 병아리,樋口 円香,히구치 마도카
2020220010,541c10c5415b2c582d682509ff8050b7,3,support,2,２８３プロのヒナ,283프로의 병아리,福丸 小糸,후쿠마루 코이토
2020230010,74b6a2d63ff731978321b67971988364,3,support,2,２８３プロのヒナ,283프로의 병아리,市川 雛菜,이치카와 히나나
2020240010,b7d1571ff295ced571a759631c36148f,2,support,2,２８３プロのヒナ,283프로의 병아리,七草 にちか,나나쿠사 니치카
2020250010,c271529fb6578f360e6ca142d8780c3b,2,support,2,２８３プロのヒナ,283프로의 병아리,緋田 美琴,아케타 미코토
2030010010,60a9ea88b43b6ccdf17fdcae7a518021,8,support,3,天然色ピクニック,천연색 피크닉,櫻木 真乃,사쿠라기 마노
2030010020,5eddf6432f68f57c2a4b0554a237ef5e,3,support,3,音、雨、パシャ、リ,"소리, 비, 찰, 칵",櫻木 真乃,사쿠라기 마노
2030010030,d3c0c734275e72ec4e207be803ab7190,3,support,3,by to illuminate,by to illuminate,櫻木 真乃,사쿠라기 마노
2030010040,2e68099f0ee9d801d11525d3103e5da3,2,support,3,まわる音色、君色のかおり,"돌아가는 음색, 네 빛깔의 향기",櫻木 真乃,사쿠라기 마노
2030010050,756e463d94ee36aa9035066ccb72884c,1,support,3,空は澄み、今を越えて。,"하늘은 맑고, 지금을 넘어서.",櫻木 真乃,사쿠라기 마노
2030020010,85110834667118fc01e4fde509f0a8f6,9,support,3,克服の特訓,극복을 위한 특훈,風野 灯織,카자노 히오리
2030020020,f35418aec762714595fc041a53581774,9,support,3,遊び疲れて……,놀다 지쳐서……,風野 灯織,카자노 히오리
2030020030,f1d94a586e49599c354c95a9e5bd91e6,8,support,3,魔法の階段を上って……,마법의 계단을 올라가서……,風野 灯織,카자노 히오리
2030020040,18fe17d0b3bfe8100606cc8d669a97bf,3,support,3,RPGのススメ,RPG 추천,風野 灯織,카자노 히오리
2030020050,3e3edc7444a001936761fdd6b8cfec23,3,support,3,クローズ・トゥ・ユー,클로즈 투 유,風野 灯織,카자노 히오리
2030020060,cd722a8ab0efc50d86f0a6cacea8b537,2,support,3,幾星霜の先に,긴 세월 끝에,風野 灯織,카자노 히오리
2030030010,a6a25d66d620f3eeeed3f5404a87339d,9,support,3,友情の花吹雪,우정의 꽃보라,八宮 めぐる,하치미야 메구루
2030030020,5e51d8e45e44dec70e6103203c5f133b,9,support,3,友達という灯り,친구라는 등불,八宮 めぐる,하치미야 메구루
2030030030,c66c1c84d63b0cddcd4f4b73effdd30d,5,support,3,アイムカミングスーン,아임 커밍 순,八宮 めぐる,하치미야 메구루
2030030040,5a4230d2cac0e5e11d121eff65637603,3,support,3,サンシャインシエスタ！,선샤인 시에스타!,八宮 めぐる,하치미야 메구루
2030030050,3f832507a97123c5369910ec36052992,2,support,3,スローリー・メモリー,슬로울리 메모리,八宮 めぐる,하치미야 메구루
2030040010,904d39fb8b970adfd8ca4cbbc0c4e0d1,7,support,3,やけん、なんの話～！？,"긍께, 무슨 얘기~!?",月岡 恋鐘,츠키오카 코가네
2030040020,6c9527c3db82252fddb61032dec35234,3,support,3,と～りゃんせ！,지~나가세요!,月岡 恋鐘,츠키오카 코가네
2030040030,a19b7296db478b34925d2b690234e0c2,3,support,3,秋、どがんね～？,"가을, 어떻당가~?",月岡 恋鐘,츠키오카 코가네
2030040040,4ebfdd42d926d54e687b26efcb20e928,3,support,3,冬、どがんね～？,"겨울, 어떻당가~?",月岡 恋鐘,츠키오카 코가네
2030040050,d687cb938d83fe44da7e694d9c9a9dac,1,support,3,ばら色ハーモニー,장밋빛 하모니,月岡 恋鐘,츠키오카 코가네
2030040060,df5e32ca80822730d96fdbd8ae5f0549,1,support,3,空は澄み、今を越えて。,"하늘은 맑고, 지금을 넘어서.",月岡 恋鐘,츠키오카 코가네
2030050010,9b4c0d919dd10ccedbdebea11de75dca,9,support,3,カラフルポップMIX,컬러풀 팝 MIX,田中 摩美々,타나카 마미미
2030050020,6aebafae80b60b3fc0e42c57a30adcfb,9,support,3,アーリー・ナチュラリィ,얼리 내추럴리,田中 摩美々,타나카 마미미
2030050030,d8d0466fe44d3c96a990565c8bafbe87,2,support,3,イン・ザ・ピンク,인 더 핑크,田中 摩美々,타나카 마미미
2030050040,1fc69cf7f14c767ca068b8c2dd6abe37,1,support,3,episode：Cool,episode：Cool,田中 摩美々,타나카 마미미
2030060010,295f4f16cc7b9cc2174e1a278823a255,8,support,3,雲間のモーメント,구름 사이의 모멘트,白瀬 咲耶,시라세 사쿠야
2030060020,a8452f2a73c70561af53d49d674e108f,7,support,3,マジカル＊スカイレース,매지컬＊스카이 레이스,白瀬 咲耶,시라세 사쿠야
2030060030,8290b436588ecdf47193c2d1f08f9ee7,4,support,3,咲耶と摩美々のぶらり旅,사쿠야와 마미미의 훌쩍 여행,白瀬 咲耶,시라세 사쿠야
2030060040,6f7592db791e0ac18cda7822cc8dc509,2,support,3,当日じゃない日,당일 아닌 날,白瀬 咲耶,시라세 사쿠야
2030070010,1491350abc3a5b6882b1cd35050d947b,9,support,3,輪になって,원이 되어서,三峰 結華,미츠미네 유이카
2030070020,cbc091b1810396cfd2847445f1894cfa,9,support,3,メロウビート・スローダウン,멜로우비트 슬로우다운,三峰 結華,미츠미네 유이카
2030070030,72e036fb07efb6d3c7e3a0a68b83a603,4,support,3,SIDE：Y,SIDE:Y,三峰 結華,미츠미네 유이카
2030080010,b74a1893f52bc5eb5cdd4f35cc9bcb39,9,support,3,綿毛ノ想,솜털의 마음,幽谷 霧子,유코쿠 키리코
2030080020,a76a1bab508fc053061e4e066c278234,9,support,3,娘・娘・金・魚,낭・랑・금・어,幽谷 霧子,유코쿠 키리코
2030080030,76d831fb4dc49939493a4bcf0b171156,3,support,3,我・思・君・思,아・사・군・사,幽谷 霧子,유코쿠 키리코
2030080040,80a05f8f9cfa424f58c45237b42aa91a,3,support,3,君・空・我・空,군・공・아・공,幽谷 霧子,유코쿠 키리코
2030090010,50505cf624a1fbb5e494aa8633443684,4,support,3,放課後スノーガールズ！,방과 후 스노우 걸즈!,小宮 果穂,코미야 카호
2030090020,26573d8bd04d87ebb71b4397186273ec,3,support,3,無敵の証！五紋章！,무적의 증표! 다섯 문장!,小宮 果穂,코미야 카호
2030090030,380120ee7555dbceb7d5f892b5ddc93f,2,support,3,ホーカゴ・ア・ゴーゴー！,방과 후 어 고 고!,小宮 果穂,코미야 카호
2030090040,c486b9c90442ce157de77751b26aa58b,2,support,3,キング・アンド・ヒーロー,킹 앤 히어로,小宮 果穂,코미야 카호
2030090050,677751d7e407095733b9f2d79e0be0b0,1,support,3,空は澄み、今を越えて。,"하늘은 맑고, 지금을 넘어서.",小宮 果穂,코미야 카호
2030100010,121953fcf220a9f4bddff02179a37d78,8,support,3,迷走チョコロード,샛길로 빠지는 초코 로드,園田 智代子,소노다 치요코
2030100020,1405e2fcc80dd9f35a637cc8bbac86e2,2,support,3,茜色セレンディピティ,꼭두서니빛 세런디피티,園田 智代子,소노다 치요코
2030100030,0b7d3d4fa8a05f6d4b621e0068609b72,3,support,3,Best☆Great☆サマー！,Best☆Great☆서머!,園田 智代子,소노다 치요코
2030100040,a4ce88b6c9ff8dec000761896f50b7f7,3,support,3,ぐるもこ・まふ×２,빙글복실 머플러×2,園田 智代子,소노다 치요코
2030100050,73f15eff0eb02406935db8f5e4893623,1,support,3,NEON♥ICE,NEON♥ICE,園田 智代子,소노다 치요코
2030110010,52e443866645cd0650565d7075a6f3f9,9,support,3,意地っ張りサンセット,고집쟁이 선셋,西城 樹里,사이죠 쥬리
2030110020,fbf534eed839087c54465fcc4e398348,8,support,3,３名様極楽旅行記,3인극락여행기,西城 樹里,사이죠 쥬리
2030110030,dcacc1594f5db5b5a82b57dc9f8cd008,3,support,3,グッド・ラック・ボール,굿 럭 볼,西城 樹里,사이죠 쥬리
2030110040,7055fa8396627b58eeb4600d93f10a47,2,support,3,晴れ待ちのひと時,맑아짐을 기다리는 한때,西城 樹里,사이죠 쥬리
2030120010,4bc37ed986d032c518bf0d18a18548e2,8,support,3,百色ふぉとぐらふ,백색 포토그래프,杜野 凛世,모리노 린제
2030120020,7e5078f28d1f70430fd6a0cf43cdfafe,3,support,3,をとめ大学,소녀 대학,杜野 凛世,모리노 린제
2030120030,1fd01651270cd47eda5145a0d83664c5,3,support,3,をとめ辞典,소녀 사전,杜野 凛世,모리노 린제
2030130010,a153ca3822fdd88843291776d89c8267,8,support,3,虹待ちレインドロップ,무지개 기다리는 레인드롭,有栖川 夏葉,아리스가와 나츠하
2030130020,35eaba9c465a3a90ccffee7e067bba0d,5,support,3,紅いろは、白,"주홍색은, 흰색",有栖川 夏葉,아리스가와 나츠하
2030130030,9c023cce72f1c9e25553451dc29051f5,3,support,3,スタンド・バイ,스탠 바이,有栖川 夏葉,아리스가와 나츠하
2030130040,e0312018dae38e0702d566df7c69df8a,3,support,3,夢追いランナバウト,꿈을 좇는 런어바웃,有栖川 夏葉,아리스가와 나츠하
2030130050,b55605c10fe86d82944b52628f22793c,1,support,3,ナチュラルデイズ,내추럴 데이즈,有栖川 夏葉,아리스가와 나츠하
2030140010,9865d1ac3a4a18cd4a85892b13529b69,9,support,3,秘密のがんばり,비밀의 노력,大崎 甘奈,오사키 아마나
2030140020,e4abe5ffc1df1c95280a9979789ed9db,9,support,3,光の想い出,반짝이는 추억,大崎 甘奈,오사키 아마나
2030140030,d78ee9a1ce5489484050b42f748dd68c,3,support,3,冬の日の『贈り物』,겨울날의 『선물』,大崎 甘奈,오사키 아마나
2030150010,61952b1b6ead02bc659860ff5e2b8c74,8,support,3,アイ・セーブ・ユー,아이 세이브 유,大崎 甜花,오사키 텐카
2030150020,3489cb92b3120550b00457afeae3ad44,3,support,3,楽園に背く,낙원을 등지다,大崎 甜花,오사키 텐카
2030150030,b22b77721cd62e60ff6784bcb6bf07b2,2,support,3,Summer for Us,Summer for Us,大崎 甜花,오사키 텐카
2030150040,70e3027f52c5b3dd485ea7e0cd87eda1,1,support,3,Fallin' Snow in,Fallin' Snow in,大崎 甜花,오사키 텐카
2030160010,2a304f90b2ed586b4980ee53e1a315ed,8,support,3,ブルーミングハート,블루밍 하트,桑山 千雪,쿠와야마 치유키
2030160020,2cebfa9a09cbfd4bafe70758cb5e5c44,3,support,3,こころに恋,마음에 사랑,桑山 千雪,쿠와야마 치유키
2030160030,875d5b68a03ae96895eac84541030ece,2,support,3,RELAXIN,RELAXIN,桑山 千雪,쿠와야마 치유키
2030160040,ae0941cd6ae18e35f391ae96269c5756,2,support,3,好き、っていうのはね,"좋아해, 라고 하는 건 말야",桑山 千雪,쿠와야마 치유키
2030170010,7c08eaf1dbb2b186d32833fdf01f2c0c,3,support,3,腹が減っては遊びはできぬ,배가 고파서는 놀 수 없다,芹沢 あさひ,세리자와 아사히
2030170020,e3b692eb7721ddb8fcb97ad6b42c5a77,2,support,3,花火の夜に……,불꽃놀이의 밤에……,芹沢 あさひ,세리자와 아사히
2030170030,234b4c02be7f0ce9df25ba04e1897f1b,2,support,3,頬を照らすのは,뺨을 비추는 건,芹沢 あさひ,세리자와 아사히
2030180010,8cf1d89a11868a609e41febb62e28c1f,2,support,3,(ノージャンル)グラヴィティ,(노 장르)그래비티,黛 冬優子,마유즈미 후유코
2030180020,dfd5bb884588867a8e3f1983209834b7,2,support,3,馴染まないで非日常,익숙해지지 마 비일상,黛 冬優子,마유즈미 후유코
2030190010,b135c34240ba1dc76f97697346adfd32,3,support,3,和泉流・書道心得,이즈미류 서예의 마음가짐,和泉 愛依,이즈미 메이
2030190020,234cf451c9cb061e0a76d2de6f1de099,2,support,3,＋『α』,＋『α』,和泉 愛依,이즈미 메이
2030190030,9a7e5362b6e71d813b9e3935d50f425b,2,support,3,イケてた！？,멋있었어!?,和泉 愛依,이즈미 메이
2030200010,dafd99ea27a7dcd744a744ce500d90e6,2,support,3,かっとばし党の逆襲,날려버린당의 역습,浅倉 透,아사쿠라 토오루
2030200020,d0b7785b7dadb18727713888633746a1,2,support,3,faaaar,faaaar,浅倉 透,아사쿠라 토오루
2030200030,d76a3655c51c33d63a43e35675d562f4,1,support,3,殴打、その他の夢について,"구타, 그 밖의 꿈에 대하여",浅倉 透,아사쿠라 토오루
2030210010,4dcd34f3a25a3394d956019f851509f4,2,support,3,閑話,한담,樋口 円香,히구치 마도카
2030210020,2710fd7c06a5b189121e12a31ec46113,2,support,3,Feb.,Feb.,樋口 円香,히구치 마도카
2030220010,d918f8f245c623475844ae9e073cf163,2,support,3,きせつはアイスクリン,계절은 아이스크린,福丸 小糸,후쿠마루 코이토
2030220020,3c06b14107f7cf83042e4e047a850767,2,support,3,しかえし優等生,복수 우등생,福丸 小糸,후쿠마루 코이토
2030230010,486f84770bc27a7c06a5f04c4280811a,2,support,3,PEEPS!,PEEPS!,市川 雛菜,이치카와 히나나
2030240010,a002b971b492b89afabbe62a35b8f08c,1,support,3,夏葬灯,하장등,七草 にちか,나나쿠사 니치카
2030250010,8b8a80792ff4462cb9a63c2059c96108,2,support,3,FEEL,FEEL,緋田 美琴,아케타 미코토
2040010010,6e3d774843ac8f42bca95d22d13e210a,8,support,4,トリプルイルミネーション,트리플 일루미네이션,櫻木 真乃,사쿠라기 마노
2040010020,8f8b1fe0d34f4319514e1c7744e2881e,9,support,4,お揃いスナップ,맞춤 스냅,櫻木 真乃,사쿠라기 마노
2040010030,a4e711e09d991d6476192009020e3d35,9,support,4,スプラッシュビート,스플래시 비트,櫻木 真乃,사쿠라기 마노
2040010040,063ec74ff82ad8557c89db394550ac1e,7,support,4,はじまりのエピローグ,시작의 에필로그,櫻木 真乃,사쿠라기 마노
2040010050,c4c0784cdab04ea391a497fda3596b32,8,support,4,冬街イルミネート,겨울 거리 일루미네이트,櫻木 真乃,사쿠라기 마노
2040010060,c1661dfeff28645da529aef2649bee92,3,support,4,駅線上の日常,역 선상의 일상,櫻木 真乃,사쿠라기 마노
2040010070,3d75a788a7f953b1d9e1947a0004c42d,2,support,4,つむぎ、まばゆく。星屑たち,"자아내는, 눈부신, 무수한 별들",櫻木 真乃,사쿠라기 마노
2040010080,b8e3f231d588fe27d3781e0829b32daa,2,support,4,こころ、えんにならんで,"마음, 둥그렇게 늘어서서",櫻木 真乃,사쿠라기 마노
2040010090,510a1670850b96349195009261be2d27,2,support,4,泡沫の石たちに乾杯,물거품 속 보석들을 위하여 건배,櫻木 真乃,사쿠라기 마노
2040010100,1a19a614588afa9697b4ad3748d269ca,2,support,4,夏風渡るdiary,여름 바람 스치는 diary,櫻木 真乃,사쿠라기 마노
2040010110,cf5f418501999078e38e81eca6e60ce0,1,support,4,春日影、さんならび,"봄볕, 나란한 셋",櫻木 真乃,사쿠라기 마노
2040020010,ba5e0c844214f1ee75a84476101223b4,9,support,4,みんなと結んだもの,모두와 맺은 것,風野 灯織,카자노 히오리
2040020020,61380bc57b74ea9ccf9efe9e92abfefb,5,support,4,風野署長の一日勤務回想録,카자노 서장의 일일근무 회상록,風野 灯織,카자노 히오리
2040020030,2e73ea0ad322c896b049532cd19a5393,3,support,4,星合アステリズム,별의 만남 아스테리즘,風野 灯織,카자노 히오리
2040020040,d9b2ed09357798daaa109d681b4737f1,3,support,4,星掬い藍仰ぐ,별을 건져 쪽빛을 올려보다,風野 灯織,카자노 히오리
2040020050,ab0bc27daca961a795219701c1dccb9e,2,support,4,宝石色のしおり,보석색 책갈피,風野 灯織,카자노 히오리
2040020060,176a44c894fdc6a0e3cb6611ae07a7c2,2,support,4,水面を仰いで海の底,수면을 우러러 바다 밑바닥,風野 灯織,카자노 히오리
2040020070,d311405fa688eef3c51cf390cc4aa183,2,support,4,永遠の方程式,영원의 방정식,風野 灯織,카자노 히오리
2040020080,18d8403ed1a388660e9155bdcc8f6965,1,support,4,WtoW,WtoW,風野 灯織,카자노 히오리
2040030010,8bb4ca7c14b7463a683e6cef9c4347a9,9,support,4,スタァライトショウタイム,스타라이트 쇼타임,八宮 めぐる,하치미야 메구루
2040030020,8f8dfdff6e57846547a8be93627b1393,8,support,4,キャプテン★パンプキン,캡틴★펌킨,八宮 めぐる,하치미야 메구루
2040030030,90703d77134924ff3eb459e8c81cecfd,3,support,4,花笑み咲匂う,웃음꽃 피우는 향기,八宮 めぐる,하치미야 메구루
2040030040,ab97ee97897d88e5167163ec37a74762,3,support,4,ああひかりよ,아아 빛이여,八宮 めぐる,하치미야 메구루
2040030050,963c5253fe3e458c700e3a227577b1cc,2,support,4,アップ・トゥ・ユー,업 투 유,八宮 めぐる,하치미야 메구루
2040030060,c1e2c913e6ca9b0ded0754c9b5ad2f4b,2,support,4,ハッピー・バレンタイン？,해피 발렌타인?,八宮 めぐる,하치미야 메구루
2040030070,92c1afd2cd79930e115aa70602769b95,2,support,4,Scoop up Scraps,Scoop up Scraps,八宮 めぐる,하치미야 메구루
2040030080,8c2146313f0a4d22ec83cc8c41129e98,1,support,4,ワン・デイ,원 데이,八宮 めぐる,하치미야 메구루
2040030090,328c1619263adf25c6f37386f52493e7,1,support,4,オールウェイズ,얼웨이즈,八宮 めぐる,하치미야 메구루
2040040010,8856b98b1da0342e3bed3571fb9a8066,9,support,4,ふっふ～ん、ふふ～ん♪,"훗후~응, 후후~응♪",月岡 恋鐘,츠키오카 코가네
2040040020,5e370a51b162649e8e6d9614cf689116,8,support,4,これ、なんの話～？,"이거, 무슨 얘기~?",月岡 恋鐘,츠키오카 코가네
2040040030,2f6f319a8514eec04622d2a228c22de3,4,support,4,SIDE：K,SIDE:K,月岡 恋鐘,츠키오카 코가네
2040040040,56ff076ff5464cb347225a2c62155b31,3,support,4,夏、どがんね～？,"여름, 어떻당가~?",月岡 恋鐘,츠키오카 코가네
2040040050,019b188440b777b665b88054828fa444,2,support,4,晴れ、よかばい～！,"맑아서, 좋구마잉~!",月岡 恋鐘,츠키오카 코가네
2040040060,b1a1a82a19358777dec6973fcedd2ed9,2,support,4,会いに行かんば～！,만나러 가야 혀~!,月岡 恋鐘,츠키오카 코가네
2040040070,9a7f6e8c69e6c03d8135bd65198f205b,2,support,4,ビコーズ・ラブ,비코즈 러브,月岡 恋鐘,츠키오카 코가네
2040040080,2ebe0c3af68033e4dec9dca8f9bc7b7a,1,support,4,あけまして、大吉～！,"새해 복, 대길~!",月岡 恋鐘,츠키오카 코가네
2040050010,54d145dec0e7db9ae40fcde63fac3066,9,support,4,ゴシックデコレーション,고딕 데코레이션,田中 摩美々,타나카 마미미
2040050020,27a86d507fb18d9111f98a1f46445a0a,8,support,4,闇鍋上等,야미나베 승부,田中 摩美々,타나카 마미미
2040050030,fa3f31b412bbaf277a6b9e5941782e60,4,support,4,夜夜中ワンダーラスト,한밤중의 원더러스트,田中 摩美々,타나카 마미미
2040050040,930585c80bdd96ee15604a702fd7ccf8,3,support,4,きまぐれのめぐみ,변덕스러운 자비,田中 摩美々,타나카 마미미
2040050050,292d9548b37eb035e8fbaee454f5d934,3,support,4,デタラメハッシュタグ,엉터리 해시태그,田中 摩美々,타나카 마미미
2040050060,c7653459b6be25bb27d0432b66327aec,3,support,4,スプリング・フィッシュ,스프링 피쉬,田中 摩美々,타나카 마미미
2040050070,036e303365f4306cf7ac32c448b3d25b,2,support,4,ソバニアル・サマー,곁에 있는 서머,田中 摩美々,타나카 마미미
2040060010,442addbd589edbbed1954d4e037a17bd,8,support,4,指先の煌めき,손끝의 반짝임,白瀬 咲耶,시라세 사쿠야
2040060020,605b7090d110bf176b449d0533c082bf,8,support,4,街角フラワーガーデン,길모퉁이 플라워 가든,白瀬 咲耶,시라세 사쿠야
2040060030,582592babbbf2b90988db98294406c9e,3,support,4,月映えのソワレ,달그림자의 수아레,白瀬 咲耶,시라세 사쿠야
2040060040,adfde8b8254e4aed181428640d952917,3,support,4,prince×princess,prince×princess,白瀬 咲耶,시라세 사쿠야
2040060050,1ca935165563c0b87be793ffb014fecb,2,support,4,シー・イズ,쉬・이즈,白瀬 咲耶,시라세 사쿠야
2040060060,e4746da13d2d40b0322cfb2a7785773b,2,support,4,あのねが言える場所,있잖아를 말할 수 있는 곳,白瀬 咲耶,시라세 사쿠야
2040060070,32968245992f7915779b696a29d30f03,2,support,4,それは途中の１ページ,그건 도중의 1페이지,白瀬 咲耶,시라세 사쿠야
2040060080,e4f937faf334d1c4824ff700d58ff5cf,1,support,4,かわいいひと,귀여운 사람,白瀬 咲耶,시라세 사쿠야
2040070010,53c29ad856326e61fb2ec3922d1164ad,8,support,4,等身大のレイニーデイ,등신대의 레이니 데이,三峰 結華,미츠미네 유이카
2040070020,08a5cec78dbc13db3c20fa6eeb33b6fd,5,support,4,ハロー、私の「いつも通り」,"헬로, 나의 「언제나처럼」",三峰 結華,미츠미네 유이카
2040070030,22d8fd8e4ed784b3e1835442f9289ac3,3,support,4,賑やか四畳半,떠들썩한 넉 장 반,三峰 結華,미츠미네 유이카
2040070040,0ae3b799d6b336f253849ce6684674f1,3,support,4,プレゼントなら両手いっぱい,선물이라면 양손 가득,三峰 結華,미츠미네 유이카
2040070050,83b35ff4ee24bc09ee45e07e18dad025,2,support,4,おはようと日向に手を振る,안녕 하고 양지에 손을 흔들다,三峰 結華,미츠미네 유이카
2040070060,e78e415aa3a1b4254e29fe186be6a184,2,support,4,リ・リフレクション,리 리플렉션,三峰 結華,미츠미네 유이카
2040070070,fb1998b9e9d13b43e0ff174b02ba7df5,1,support,4,ヒトトキ／トワ,한때/영원,三峰 結華,미츠미네 유이카
2040070080,d510acaa927bc1b09e51ad4e3a6f1ede,1,support,4,心に住む人,마음에 사는 사람,三峰 結華,미츠미네 유이카
2040080010,f4315d07e4ea9565101adf53d4470e77,8,support,4,霧・霧・奇・譚,무・무・기・담,幽谷 霧子,유코쿠 키리코
2040080020,abcb6b519c0bc5b2d4f53c3b4815dbf5,5,support,4,娘・娘・謹・賀,낭・랑・근・하,幽谷 霧子,유코쿠 키리코
2040080030,28ae8eba0ae977ec22297bc71a22a3f9,3,support,4,潜・潜・夏・娘,잠・잠・하・랑,幽谷 霧子,유코쿠 키리코
2040080040,9f259f2be6b5f5bee658058eaff63aef,3,support,4,奇・綺・甘・甘,기・기・감・감,幽谷 霧子,유코쿠 키리코
2040080050,6115819aacc2797e8d6726825481518e,2,support,4,数・数・娘・娘,수・수・랑・랑,幽谷 霧子,유코쿠 키리코
2040080060,cf741b1b85e37cfb1cf5610e7534e82d,1,support,4,午・燦・娘・娘,오・찬・낭・랑,幽谷 霧子,유코쿠 키리코
2040080070,833bf2e2405427acf028ca0cb8ec911e,1,support,4,奏・奏・綺・羅,주・주・기・라,幽谷 霧子,유코쿠 키리코
2040090010,7a9febbd06d3ef4cf09ce1b722fc92f0,8,support,4,ヒーローインザパーク,히어로 인 더 파크,小宮 果穂,코미야 카호
2040090020,2e414023d917019afe3d86362bd0910f,9,support,4,鉄板★絶品★海の家,철판★절품★바다의 집,小宮 果穂,코미야 카호
2040090030,ee20f134144ea1c4fc1aef34d4e4985a,3,support,4,雨のち、マイヒーロー,"비 온 뒤, 마이 히어로",小宮 果穂,코미야 카호
2040090040,6d07a786d1927d5671abd9be39ad93c9,2,support,4,ナツイロ☆アフタースクール,여름빛☆애프터 스쿨,小宮 果穂,코미야 카호
2040090050,a29f1a91c4ccc7e0ee6e6d285da3456b,2,support,4,続！（完全）燃焼,계속! (완전) 연소,小宮 果穂,코미야 카호
2040090060,fd021bff703189a24fd664220a96448f,2,support,4,反撃の狼煙をあげよ！,반격의 봉화를 올려라!,小宮 果穂,코미야 카호
2040090070,617a013ed6aa25f9c7b00f570c6e7044,1,support,4,チルドレンモード！,칠드런 모드!,小宮 果穂,코미야 카호
2040100010,08bed8db6554f66ab32542f557afaa60,8,support,4,放課後★肝試しパニック,방과 후★담력 시험 패닉,園田 智代子,소노다 치요코
2040100020,78f02721a910b08d4423f0f00b52cef9,8,support,4,桜餅マスター……？,사쿠라모찌 마스터……?,園田 智代子,소노다 치요코
2040100030,9f0de7e9a5f9e9dd1bb8a68edf04cd26,3,support,4,紅蘭偉魔空珠に挑め！,홍란위마공주에 도전하라!,園田 智代子,소노다 치요코
2040100040,a2fc02be179edaaed905f4cad0a65190,3,support,4,おあがり←くらいまっくす,드세요←클라이맥스,園田 智代子,소노다 치요코
2040100050,70a81fb448b37701a3a55a248cb725cd,2,support,4,kimagure全力ビート！,kimagure 전력 비트!,園田 智代子,소노다 치요코
2040100060,7618c3ce79f67eddbe63ab3a76c950ac,2,support,4,code:SH☆☆TING star!,code:SH☆☆TING star!,園田 智代子,소노다 치요코
2040100070,7f4e6d931bb61b13149522e48c500750,2,support,4,生彩トラベリング,생기 트래블링,園田 智代子,소노다 치요코
2040110010,66cab712b59447ebfbcdb4f241fcc263,9,support,4,未知なるFROZEN,미지의 FROZEN,西城 樹里,사이죠 쥬리
2040110020,30a96457bba338d7f9f9b5d16648413e,3,support,4,スリープオーバーベイビー,슬립오버 베이비,西城 樹里,사이죠 쥬리
2040110030,a12c1f95e580e7b7d367698fff69dd87,3,support,4,坂道だらけのこの街で,언덕길투성이인 이 거리에서,西城 樹里,사이죠 쥬리
2040110040,6522011931dfd7c15bea4d6df6fe4731,2,support,4,SPACE WHAT？,SPACE WHAT?,西城 樹里,사이죠 쥬리
2040110050,4790d02ef4a0a3dee54c15e64a2e4e63,2,support,4,モーニング・グロウリー？,모닝 글로리?,西城 樹里,사이죠 쥬리
2040110060,2281ec9c4f42fc4e0cf5368837ef611e,2,support,4,Hearty!Holy!Party!,Hearty!Holy!Party!,西城 樹里,사이죠 쥬리
2040120010,1bd084d1c13091306987e46ead0d33d7,8,support,4,ふれんど日和,친구 사귀기 좋은 날,杜野 凛世,모리노 린제
2040120020,139486b850f3a71cabcb735b434345cc,5,support,4,凛世夕町物語,린제 저녁 거리 이야기,杜野 凛世,모리노 린제
2040120030,53ec94c9de3ab60273bd262304b92f45,3,support,4,常夏CLIMAX,늘여름 CLIMAX,杜野 凛世,모리노 린제
2040120040,25eac10fd5f1b55937ec6c06ad9ff3c9,3,support,4,夜明けの晩に,동트는 밤에,杜野 凛世,모리노 린제
2040120050,d5fb53ced81c3434658a703d06b34b46,2,support,4,日を食んで、夜を啜って,"낮을 먹고, 밤을 마시다",杜野 凛世,모리노 린제
2040120060,cd0a9efdc8cdf5fe78ce5dff92c37b5c,2,support,4,祝唄-hogiuta-,축가-hogiuta-,杜野 凛世,모리노 린제
2040120070,f3adf2fa966b963c53b136098361cd4a,2,support,4,をとめ条約,소녀 조약,杜野 凛世,모리노 린제
2040120080,87536cc6c00c619a77433c63e2045d6b,2,support,4,牛的情感盛り、一丁,"소 감성 모둠, 한 그릇",杜野 凛世,모리노 린제
2040130010,fd28eafd4313a340ea7ce249f0a8208e,8,support,4,熱血指導！,열혈지도!,有栖川 夏葉,아리스가와 나츠하
2040130020,18fc153c98f56d82ea87cee03c1c83eb,9,support,4,遊びも本気で,놀 때도 진지하게,有栖川 夏葉,아리스가와 나츠하
2040130030,5ffa7c870fa3b80a97731bacd8659af5,8,support,4,#ナッツ・チョコジェリー,#너츠초코젤리,有栖川 夏葉,아리스가와 나츠하
2040130040,ac5e5c7d981eadbc2e9e6d38b2b6406c,3,support,4,月刊CLIMAX,월간CLIMAX,有栖川 夏葉,아리스가와 나츠하
2040130050,bf52d884e5b437c2a793e72511619813,2,support,4,Sr×Ba×Cu=,Sr×Ba×Cu=,有栖川 夏葉,아리스가와 나츠하
2040130060,e6d058a2898e902576ee85bff5262dce,2,support,4,ビードロの翳,비드로의 그늘,有栖川 夏葉,아리스가와 나츠하
2040130070,28dde2137eb247be2bb16534d2f87ec9,1,support,4,明日の思い出で笑って,내일의 추억으로 웃어,有栖川 夏葉,아리스가와 나츠하
2040130080,054265befed45a04bbba737bdfa0da02,1,support,4,ベリー・ストロベリー,베리 스트로베리,有栖川 夏葉,아리스가와 나츠하
2040140010,95943b0f305f1e2cdc972d3c024aa019,9,support,4,幸せのりんご飴,행복의 사과사탕,大崎 甘奈,오사키 아마나
2040140020,d26fdf0270ca9fe527705ec673402284,8,support,4,まだ……寝ないから……,아직…… 안 잘 거니까……,大崎 甘奈,오사키 아마나
2040140030,f3811264d7d59ed722b24892efdc1c51,5,support,4,お菓子なティータイム,과자가득 티타임,大崎 甘奈,오사키 아마나
2040140040,4e21af843875bb59d7b1972b6585062a,3,support,4,ハッピーの答えはどこに？,해피의 답은 어디에?,大崎 甘奈,오사키 아마나
2040140050,28c2d21cf43b96900fdafb167a53eb7f,3,support,4,Cherry Jelly,Cherry Jelly,大崎 甘奈,오사키 아마나
2040140060,5f63b716dc77a91bcc41161651776234,2,support,4,スペンサー家の日常,스펜서가의 일상,大崎 甘奈,오사키 아마나
2040140070,41bcdfa48ad1d9c3723fdbcef2ba06e5,2,support,4,ever-,ever-,大崎 甘奈,오사키 아마나
2040140080,bdf51572c49efa74c62b70400c1e915f,2,support,4,レッツ☆忍び足！,렛츠☆닌자걸음!,大崎 甘奈,오사키 아마나
2040140090,e562085b9bacbe4dd0202d4ba52aad0d,1,support,4,デビルたちの夜会☆,데빌들의 밤 연회☆,大崎 甘奈,오사키 아마나
2040150010,5383c87f7cf2f1e4f28d107e23005a52,8,support,4,彩りファッションドール,화려한 패션 돌,大崎 甜花,오사키 텐카
2040150020,2ccd63005419644b9c6decc457f8c53a,8,support,4,身支度はお任せ☆,몸단장은 맡겨줘☆,大崎 甜花,오사키 텐카
2040150030,033fc119ae6903858a8f9e84d3824c07,5,support,4,かしまし、みっつの願いごと,"떠들썩, 세 가지 소원",大崎 甜花,오사키 텐카
2040150040,977f964f6c8ffb1b5c620dbfa70c65c8,3,support,4,トゥインクル・トゥインクル,트윙클 트윙클,大崎 甜花,오사키 텐카
2040150050,0d5f6506ff7b75e892c429616df33b74,3,support,4,見果てぬ先のアヴァロン,끝없는 너머의 아발론,大崎 甜花,오사키 텐카
2040150060,713adee805c31087e54030c26764d55f,2,support,4,リトル・スターズ,리틀 스타즈,大崎 甜花,오사키 텐카
2040150070,91a9100341edace2c0339c2ecb022935,2,support,4,キュン！とwith us,큐웅! 하고 with us,大崎 甜花,오사키 텐카
2040150080,a351550b88e0c6eec126967a5f1bdf30,1,support,4,エンドレス・ゲーム,엔드리스 게임,大崎 甜花,오사키 텐카
2040160010,f10de15bb703f2250c76c298bd802e49,8,support,4,先生のお時間,선생님의 시간,桑山 千雪,쿠와야마 치유키
2040160020,a2e25e023ec9991c9134368d47112cea,7,support,4,永遠のCarol,영원의 Carol,桑山 千雪,쿠와야마 치유키
2040160030,300dcfd222d1b279104af18b57dd6758,3,support,4,トキ・メキ・タコさん,두근두근 문어 씨,桑山 千雪,쿠와야마 치유키
2040160040,c2f4a03a221fc171669a45c7bdedccfe,3,support,4,ウォーム・スノウ,웜 스노우,桑山 千雪,쿠와야마 치유키
2040160050,64babcfb8b02075c9e4dcd060b255f6d,3,support,4,ドゥワッチャラブ！,두 왓차 러브!,桑山 千雪,쿠와야마 치유키
2040160060,92aeea322e71ba5be85d751d116018c1,2,support,4,夏空への挑戦,여름 하늘에 도전,桑山 千雪,쿠와야마 치유키
2040160070,cee14c4a971c52475c7958a57f39866c,2,support,4,黄昏時に会いましょう,황혼 녘에 만나요,桑山 千雪,쿠와야마 치유키
2040160080,9250d7112fe38e33fc4d80c384c5d4d9,1,support,4,signal,signal,桑山 千雪,쿠와야마 치유키
2040160090,240d39bfe14e6059231c964e02a12aad,1,support,4,そらカラフル、幾千の,"하늘 컬러풀, 수천 개의",桑山 千雪,쿠와야마 치유키
2040170010,fd7f9b81769bc2f667d00ade0660662d,3,support,4,プレゼン・バトン！,프레젠 바톤!,芹沢 あさひ,세리자와 아사히
2040170020,d0e0ae8228a955c7f5568553b280d6f3,3,support,4,あめ、ゆき、はれ,"비, 눈, 맑음",芹沢 あさひ,세리자와 아사히
2040170030,428471c8c4646084c3e5ad9fb2358fba,2,support,4,今日の手は空を切らない,오늘의 손은 허공을 가르지 않아,芹沢 あさひ,세리자와 아사히
2040170040,526a3931bbe1b1f1afd8972b7d8bb35e,2,support,4,ゴースト・サイド！,고스트 사이드!,芹沢 あさひ,세리자와 아사히
2040170050,3befcc855060b01d97b6ebb6b9fb63a4,2,support,4,秋の実りの配達係,가을 열매 배달 담당,芹沢 あさひ,세리자와 아사히
2040170060,e1f35e662d3f565fcad75714ee8ac225,1,support,4,とても、とても静かな雨,"아주, 아주 조용한 비",芹沢 あさひ,세리자와 아사히
2040180010,cb6e1ee4d77730d0e2a0ae4dc7bac1cd,3,support,4,スパイシーベリィデコレイト,스파이시 베리 데코레이트,黛 冬優子,마유즈미 후유코
2040180020,8bffd8919193a812e1cf49d58b0bc348,3,support,4,ノー墨・勝者フェイス,노 먹 승자 페이스,黛 冬優子,마유즈미 후유코
2040180030,aafc81e6c2f483d89dc04429823278ea,3,support,4,＠ストーリィズ,@스토리즈,黛 冬優子,마유즈미 후유코
2040180040,6c1c52b2b70c37849262f1c39987d790,2,support,4,×トリック／〇＿＿＿＿,×트릭／〇____,黛 冬優子,마유즈미 후유코
2040180050,f761b9ef5492222267a81c63a18eb1f4,2,support,4,"One, Two...♡","One, Two...♡",黛 冬優子,마유즈미 후유코
2040180060,0f27318add65f63c92ab774274b7608f,2,support,4,Wrong？,Wrong?,黛 冬優子,마유즈미 후유코
2040180070,b6c10c8e7ec56a85156aa1e3c8e8712a,1,support,4,二律背反sweet,이율배반 sweet,黛 冬優子,마유즈미 후유코
2040180080,4903afd2f3f51d9fd2ccb46ea97c0e68,1,support,4,＜IF＞,<IF>,黛 冬優子,마유즈미 후유코
2040190010,46916762f833aeb47a5f4ba5bbae7135,3,support,4,なるんじゃん？,될 거잖아?,和泉 愛依,이즈미 메이
2040190020,5ce7403c8efedaf1225fc3cdd3178588,3,support,4,うち来る～！？,우리집 올래~!?,和泉 愛依,이즈미 메이
2040190030,a4e6cc30f53a659d86b195d74a46be34,2,support,4,エンジョイ！パーティ,엔조이! 파티,和泉 愛依,이즈미 메이
2040190040,40bce09ff0f930db8b3d743c178db11b,2,support,4,いるっしょ！,있잖아!,和泉 愛依,이즈미 메이
2040190050,8c823db641c688b6f05bbe29e1e145e1,2,support,4,よしよし♪,옳지옳지♪,和泉 愛依,이즈미 메이
2040190060,5ebc319608ce9c0f15fdd38888149266,1,support,4,左選んで～！,왼쪽 골라줘~!,和泉 愛依,이즈미 메이
2040200010,99cb764c84a3b3807616e22db0b393a6,2,support,4,ハウ・アー・UFO,하우 아 UFO,浅倉 透,아사쿠라 토오루
2040200020,c13212de0b73698d83e06e5818aebbde,2,support,4,pooool,pooool,浅倉 透,아사쿠라 토오루
2040200030,4fdafd4cc90ffe94be93aae372458f21,2,support,4,がんばれ！ ノロマ号,힘내! 얼간이호,浅倉 透,아사쿠라 토오루
2040200040,7d81939a084cbebb8f50795ed0d65b36,1,support,4,チョコレー党、起立！,"초콜릿당, 기립!",浅倉 透,아사쿠라 토오루
2040210010,4762093afa0b3b78c1ec40ae22ba6043,2,support,4,游魚,유어(游魚),樋口 円香,히구치 마도카
2040210020,7639191017fd658392fd4947f4d5da4c,2,support,4,UNTITLED,UNTITLED,樋口 円香,히구치 마도카
2040210030,b0f8690698e52dcd48de0242c4d8dfd3,2,support,4,雨情,우정(雨情),樋口 円香,히구치 마도카
2040210040,78fea39cb4b814f4fa624584bf31a16b,1,support,4,射陽,사양(射陽),樋口 円香,히구치 마도카
2040210050,539fb3067efa627e2db582b6ea696181,1,support,4,洒落,쇄락,樋口 円香,히구치 마도카
2040210060,8ff841c0680cb04c188861c7d3a9f8c9,1,support,4,ハシルウマ,달리는 말,樋口 円香,히구치 마도카
2040220010,e4dcbdf86b4216c56c4682f8fd0a1abb,2,support,4,パーティーのやくそく,파티 약속,福丸 小糸,후쿠마루 코이토
2040220020,0e3ad547376f346f0ece5346797b78ec,2,support,4,思い出にもならない,추억거리도 안 돼,福丸 小糸,후쿠마루 코이토
2040220030,5919446b356611adbd401ad184ed2ecd,2,support,4,傍白のあいだ,방백의 사이,福丸 小糸,후쿠마루 코이토
2040220040,057cfc43d872376b46d6bab7bc18ab6a,1,support,4,はるとあめ,봄과 비,福丸 小糸,후쿠마루 코이토
2040230010,2511e427c4763a8d913ab51f93f994dd,2,support,4,ROOKIE!,ROOKIE!,市川 雛菜,이치카와 히나나
2040230020,190d3973b19339c625744be5bef7448b,2,support,4,Re:BIRTH,Re:BIRTH,市川 雛菜,이치카와 히나나
2040230030,ee12e9ae2e5ebb6f8d17c473bf877444,1,support,4,♡like,♡like,市川 雛菜,이치카와 히나나
2040240010,402ab143176697c6a46e1a776fb9452b,2,support,4,間違いそうだ,틀릴 것 같아,七草 にちか,나나쿠사 니치카
2040240020,daf0e01e913b7e58dbe46d4c40a62c8b,2,support,4,死神リポート,사신 리포트,七草 にちか,나나쿠사 니치카
2040240030,15e9a4adf4cb7bb165e22413552646ee,1,support,4,浪漫キャメラ0号,낭만 카메라 0호,七草 にちか,나나쿠사 니치카
2040240040,f59739e6995e27ebab4fecf9ba41258e,1,support,4,あっかい,빨갛다,七草 にちか,나나쿠사 니치카
2040250010,9384e970ba4c0ae902096795356721bf,2,support,4,A,A,緋田 美琴,아케타 미코토
2040250020,f3a6a442baa53a755d44b66942f39888,2,support,4,RESONANCE,RESONANCE,緋田 美琴,아케타 미코토
2040250030,b08a1aa095588f995b2db029111fcbbc,1,support,4,X-DAY,X-DAY,緋田 美琴,아케타 미코토
2040250040,19199b6cd8783022806d037760c3698f,1,support,4,LATE,LATE,緋田 美琴,아케타 미코토
1030140050,83143000114dae6b3f04f8b4e3ad6ee9,1,produce,3,竜宮城へご招待☆,용궁성으로 초대☆,大崎 甘奈,오사키 아마나
1030250020,f1648a6719b2dbac2d560fcc5b32ebc1,1,produce,3,MANNEQUIN,MANNEQUIN,緋田 美琴,아케타 미코토
1040040070,3433128c8acb070548481c29953a294a,1,produce,4,あなたと、月の満ちる頃,"당신과, 달이 차오를 무렵",月岡 恋鐘,츠키오카 코가네
1040110080,ef0b6a5101886733dfdfb52a5870f9a5,1,produce,4,"sparkle,,,","sparkle,,,",西城 樹里,사이죠 쥬리
2040050080,83a8a431bc927055d0efe89c69eb2cb8,1,support,4,murmurmaid,murmurmaid,田中 摩美々,타나카 마미미
2040090080,4e808a09a51e2ca205fe7eaf55f752eb,1,support,4,ロング・ショート・タイム！,롱 쇼트 타임!,小宮 果穂,코미야 카호
1040020070,9cf2edb54a654fb9747647702dfb6ed9,1,produce,4,洸,깊음,風野 灯織,카자노 히오리
2030070040,c56c75de3287bdc4c09b86031bb45ced,1,support,3,翻弄by♡time,희롱by♡time,三峰 結華,미츠미네 유이카
2030230020,44bbfca9f2ac935189ada7455f00266a,1,support,3,SETSUNA BEAT,SETSUNA BEAT,市川 雛菜,이치카와 히나나
2040200050,585e84614dab9edad7f07b142a19546e,1,support,4,かっとばし党の長い夏,날려버린당의 긴 여름,浅倉 透,아사쿠라 토오루
2030120040,c8c04b6fe2c61320573e1c2841870a93,1,support,3,SETSUNA BEAT,SETSUNA BEAT,桑山 千雪,쿠와야마 치유키
2030160050,abe8f2ebf8a0f13ae90ea77a2e1ff953,1,support,3,SETSUNA BEAT,SETSUNA BEAT,杜野 凛世,모리노 린제
1030190040,a259575cb7b6dd10042d94fccbe597d5,1,produce,3,見つかっちゃった♪,들켜버렸다♪,和泉 愛依,이즈미 메이
1040080070,75cc7ee66752717e6502b12d29ddae79,1,produce,4,縷・縷・屡・来,루・루・루・쿠,幽谷 霧子,유코쿠 키리코
2040230040,2c611b43e5b014c9694d854cc6317025,1,support,4,DIVEIN!,DIVEIN!,市川 雛菜,이치카와 히나나
1040030080,07abad95849b2beeec30eab79920aa8e,1,produce,4,たそかれスワッグ,저녁놀 스왜그,八宮 めぐる,하치미야 메구루
2040010120,ceeab1718c818084d68195718e309e92,1,support,4,私のレンズの先のこと,내 렌즈 앞의 사건,櫻木 真乃,사쿠라기 마노
2040120090,32d1022b3e4a5a45373a5425f509b97a,1,support,4,珈琲の牛乳いれたん,커피에 우유 넣은 거,杜野 凛世,모리노 린제
1040230040,931aba5aa036d447eb40afe2d097a63c,1,produce,4,S!GNATURE,S!GNATURE,市川 雛菜,이치카와 히나나
2030140040,29c571d04d15ac929a4f8f1e5b434659,1,support,3,初風Nostalgia,가을바람 Nostalgia,大崎 甘奈,오사키 아마나
2040020090,6d30913d922d05b9bd5e6d4c6c74bb5d,1,support,4,Can't give up,Can't give up,風野 灯織,카자노 히오리
1030020050,38074837154fccad1bf0f4c20db16268,1,produce,3,足りない隙間,부족한 틈,風野 灯織,카자노 히오리
1040170060,3a8041d5dfda1f0be61284e34f3c329b,1,produce,4,光は光へ,빛은 빛을 향해,芹沢 あさひ,세리자와 아사히
1040060070,3d7d6100d1db15e4cf19f7edbd45ddf6,1,produce,4,はらりひらり結ぶ,살랑살랑 맺어지다,白瀬 咲耶,시라세 사쿠야
2040030100,14ce5845753ac6366cf59e0be351b550,1,support,4,シェア・シェア・ハピネス,셰어 셰어 해피니스,八宮 めぐる,하치미야 메구루
2040080080,fc00153aaa0a939f0ced5139006f4f66,1,support,4,吼・吼・熱・々,후・후・열・열,幽谷 霧子,유코쿠 키리코
2040150090,82b76df9e542626071a6f2b7dd5afabe,1,support,4,満開、うまストロメリア,"만개, 맛있스트로메리아",大崎 甜花,오사키 텐카
1030200030,721fdda60a08b450e52355756214ab69,1,produce,3,聞こえててよ、babe,"들리고 있어, babe",浅倉 透,아사쿠라 토오루
1040130080,3be473fbf2a7f23b3ee733a3eeb5777c,1,produce,4,Fall,Fall,有栖川 夏葉,아리스가와 나츠하
2040220050,b0efac39e98969d820b17a55ce39cfa0,1,support,4,きっと色褪せるけど,분명 색이 바래겠지만,福丸 小糸,후쿠마루 코이토
1040180060,857d966d6498e5d59608b53753829002,1,produce,4,幕間、沸々と高温,"막간, 펄펄 끓는 고온",黛 冬優子,마유즈미 후유코
2030120050,8892e8f36bf65f60230c65a5ed98ec4a,1,support,3,別冊をとめ,별책 소녀,杜野 凛世,모리노 린제
2040240050,e8710b7adade6288ad2d5e8f3b85ddca,1,support,4,こんなのホラーでしょ最悪,이런 거 호러잖아요 최악이야,七草 にちか,나나쿠사 니치카
2030030060,15612bc5eb3807dd35ea1bd49e1faed3,1,support,3,MUGEN BEAT,MUGEN BEAT,八宮 めぐる,하치미야 메구루
2030080050,59978c532f4860cdc77ce2d103c66ffe,1,support,3,MUGEN BEAT,MUGEN BEAT,幽谷 霧子,유코쿠 키리코
2030180030,c2ea41bd4ffc0d6f6960ad0427247111,1,support,3,MUGEN BEAT,MUGEN BEAT,黛 冬優子,마유즈미 후유코
2030240020,c038a5ff224d4657484199e0089ac5ef,1,support,3,MUGEN BEAT,MUGEN BEAT,七草 にちか,나나쿠사 니치카
1040120080,03687666d17318ac75a51108ddf52fc8,1,produce,4,晩秋ろまんす,늦가을 로맨스,杜野 凛世,모리노 린제
2040080090,b92fdf6d634a98929167f7a71bebd2d9,1,support,4,煌・煌・星・娘,황・황・성・랑,幽谷 霧子,유코쿠 키리코
2040110070,cafd9c1295dad21e6dcf97b717572aab,1,support,4,日々の灯り,나날의 불빛,西城 樹里,사이죠 쥬리
1040010090,4bd25fbd273544a6b0cb1af5b5aa3e4c,1,produce,4,きみと巡り行く,너와 맴돌다,櫻木 真乃,사쿠라기 마노
2030220030,ab2a8affb8339bbb300632000e737216,1,support,3,学割キャンペーン,학생 할인 캠페인,福丸 小糸,후쿠마루 코이토
2040110080,7311e6767e1d935c83765df2ee7bd600,1,support,4,はずむ息、夜を縫って,"차오르는 숨결, 밤을 누비며",西城 樹里,사이죠 쥬리
1030240020,ed9c915af264907d3f4b44d08f87abe9,1,produce,3,泣けよ洗濯機,울어라 세탁기,七草 にちか,나나쿠사 니치카
1040050080,f78e9ca0fdc9b823b9ab26509f4e5293,1,produce,4,リバーシブル・トースト,리버시블 토스트,田中 摩美々,타나카 마미미
2030010060,0709c1d71db9507d31837c74d4056c12,1,support,3,ふわり気持ち、秋かおり,"포근한 기분, 가을 향기",櫻木 真乃,사쿠라기 마노
1030180040,2f552ff0a1435e7b6a6b1beb1ab31c67,1,produce,3,アンコンシャス35→80,언컨셔스 35→80,黛 冬優子,마유즈미 후유코
1040020080,6afa22c370bfcf57d3c40a4ab6a2b319,1,produce,4,ひとりじゃない夜のこと,혼자가 아닌 밤,風野 灯織,카자노 히오리
2030190040,381e0f5644acd2a2dd43d897812d8216,1,support,3,PANOR@MA WING 06,PANOR@MA WING 06,和泉 愛依,이즈미 메이
2030250020,bbdfe4da6fa6665cbd0f1c1d6e436f0e,1,support,3,PANOR@MA WING 08,PANOR@MA WING 08,緋田 美琴,아케타 미코토
2040250050,44889c5587e2b418574af2d5fcb09c9f,1,support,4,GAP,GAP,緋田 美琴,아케타 미코토
1040210050,f70b9411228692fa9dec9cb683376efe,1,produce,4,Merry,Merry,樋口 円香,히구치 마도카
2030020070,653c8df383de515444302b8e02ed4e7e,1,support,3,GR@DATE WING 01,GR@DATE WING 01,風野 灯織,카자노 히오리
2040060090,857a70286003782bcade8179fb9eca9d,1,support,4,冬の隙間,겨울의 틈,白瀬 咲耶,시라세 사쿠야
2040170070,396681a85a9fb4c2fd6b8940ca219df8,1,support,4,ひかりしめすは,빛이 가리키는 건,芹沢 あさひ,세리자와 아사히
1030030050,fc5b59772f25992f3c434732de2d3aec,1,produce,3,セツナ/n,찰나/n,八宮 めぐる,하치미야 메구루
1040090080,773f0b171b52d5cf8b5e430e4f38a5c7,1,produce,4,スノードーム・シンドローム,스노우돔 신드롬,小宮 果穂,코미야 카호
2030070050,9b50340c29224bcd3a2a924044a90631,1,support,3,SE@SONAL WINTER,SE@SONAL WINTER,三峰 結華,미츠미네 유이카
2040250060,16cfbe53ea8554a445d4a15cbe361d17,1,support,4,MADE,MADE,緋田 美琴,아케타 미코토
2040150100,283be5e65a0ec25701828ad3de1a0933,1,support,4,My lyrics,My lyrics,大崎 甜花,오사키 텐카
2040100080,71a31dbe9ea9d92a4041fed3dec015a5,1,support,4,◎もちもちよこ◎,◎모찌모찌요코◎,園田 智代子,소노다 치요코
1040160080,4273fc2388ea45a8b39cef9443511bc8,1,produce,4,ひとひらで紡ぐ世界,한 장으로 자아내는 세계,桑山 千雪,쿠와야마 치유키
1040230050,fabf35f2155c55f7653450a2285c62ee,1,produce,4,DE-S!GN,DE-S!GN,市川 雛菜,이치카와 히나나
2030080060,240fea4e3fa7ab0135fb1fdc6fb00767,1,support,3,犬・猿・雉・霧,견・원・치・무,幽谷 霧子,유코쿠 키리코
2040190070,76fc0e8de5afdf56242d29b24405c5f5,1,support,4,本気！餅つき！,진심! 떡메치기!,和泉 愛依,이즈미 메이
2030010070,f5563c8b674658040f133dad973c376e,1,support,3,WING COLLECTION,WING COLLECTION,櫻木 真乃,사쿠라기 마노
1030110050,e48cec9eab0aa7faba6de2f6bc7dd515,1,produce,3,#3738 Custom Order,#3738 커스텀 오더,西城 樹里,사이죠 쥬리
1040070080,76ebe7731a001cf4bc3ee5c01c1f6b4e,1,produce,4,ノー・ライフ,노 라이프,三峰 結華,미츠미네 유이카
2040140100,cfd45a675b84c2ad5a0b157c9960459a,1,support,4,走るっ！！！！,달린다!!!!,大崎 甘奈,오사키 아마나
1040030090,cac594cecb9b41bfcd614e3b611f1042,1,produce,4,ずっと・グッド・ラック,쭈욱 굿 럭,八宮 めぐる,하치미야 메구루
1040170070,8619b59a37b90440542b18424af140a7,1,produce,4,Boiling Sky,Boiling Sky,芹沢 あさひ,세리자와 아사히
1040240040,68568aef150b236aa416470c3fa5dceb,1,produce,4,↓ろウTea,↓로우 Tea,七草 にちか,나나쿠사 니치카
2040130090,4d3bc5e9694d4178d53d6e9a3af0614b,1,support,4,Cool＆Warm,Cool&Warm,有栖川 夏葉,아리스가와 나츠하
2040190080,dfc4b3e65a18f78b4752d13056ffaa1a,1,support,4,なんでもない～,아무것도 아냐~,和泉 愛依,이즈미 메이
1040200050,8ad80bee0e39efe284d7c3f2514e4f60,1,produce,4,夜はなにいろ,밤은 무슨 색,浅倉 透,아사쿠라 토오루
2030160060,b1c67b23b355eb199d3f8335704fa86d,1,support,3,Noir,Noir,桑山 千雪,쿠와야마 치유키
2040090090,1e7b180c26d477c62171a77821b7c17a,1,support,4,グロウン・メイク・アップ！,그로운 메이크 업!,小宮 果穂,코미야 카호
1030220020,03baa57c5524965c0d327f082d769295,1,produce,3,福はうち,복은 안으로,福丸 小糸,후쿠마루 코이토
1040150080,ed5b1d2148f267e5ea6dc570751cec52,1,produce,4,甜ing Room,텐ing Room,大崎 甜花,오사키 텐카
2040040090,493aa2ff7de171cedea08c1c7dbd2f8b,1,support,4,にゃんにゃんにゃ～ん♡,냥냥냐~앙♡,月岡 恋鐘,츠키오카 코가네
1040170080,8aafece1692de39f66a972213d963b10,1,produce,4,Anti-Gravity,Anti-Gravity,芹沢 あさひ,세리자와 아사히
2040020100,737890267448d05dd728552a3aa2f135,1,support,4,ふたりといる夜のこと,두 사람과 있는 밤,風野 灯織,카자노 히오리
2040250070,c7e518f6f98dc66be79d7aad89e86d1f,1,support,4,STAGE,STAGE,緋田 美琴,아케타 미코토
1040110090,46bfd7ca2b3689d2ac9e0b5d14d9e0a9,1,produce,4,陽の光、透かせば,"햇빛이, 틈새로 비치면",西城 樹里,사이죠 쥬리
1040210060,b661800b3171b1972ae032644041b52c,1,produce,4,バグ・ル,"버그, 생기다",樋口 円香,히구치 마도카
1040100080,b70d814dc8b041bb450d86433b5726c6,1,produce,4,うつくしいあした,아름다운 내일,園田 智代子,소노다 치요코
2030210030,4982c555b4a934774974218e71377e1b,1,support,3,ダ・カラ,"그, 러니까",樋口 円香,히구치 마도카
2040060100,1cd790fb00446306b989416a97319599,1,support,4,純粋・fall into a trap,순수 fall into a trap,白瀬 咲耶,시라세 사쿠야
2030020080,b4c842f572e579d9aba6f91a4d3fa7ae,1,support,3,If I_wings.,If I_wings.,風野 灯織,카자노 히오리
1030170050,4cfb80b2126e940ccf34e118d5c949e1,1,produce,3,ちぐはぐ姫,짝짝이 공주,芹沢 あさひ,세리자와 아사히
1040040080,5057baccd2f79445a2f4f631d64c7148,1,produce,4,よか匂いのする陽気やけん,좋은 냄새가 나는 날씨니께,月岡 恋鐘,츠키오카 코가네
1040020090,1048687b675cbff320484693b00909bd,1,produce,4,耿耿,깜빡임,風野 灯織,카자노 히오리
1040230060,b7c88d97fea36aa9666bd8b8c9f91e99,1,produce,4,UNCHARTE:D,UNCHARTE:D,市川 雛菜,이치카와 히나나
1040220050,3ec937779d357bc7895a1ad84d468c29,1,produce,4,セピア色の孤独,세피아빛 고독,福丸 小糸,후쿠마루 코이토
2040230050,40c778a5cb546468afa372575f7df14b,1,support,4,THE W♡RLD,THE W♡RLD,市川 雛菜,이치카와 히나나
2040240060,63f9a450343d7e56d307435a46ee8fef,1,support,4,短二度、一番線,"단2도, 1번선",七草 にちか,나나쿠사 니치카
1020260010,5336aa15bb4e769978d27a4a3144f1d1,1,produce,1,白いツバサ,하얀 날개,斑鳩 ルカ,이카루가 루카
2040200060,5d0b108e38170e06592e27095a5fd0a8,1,support,4,裏声であいつら,가성으로 그 녀석들,浅倉 透,아사쿠라 토오루
1040260010,b1f7d07d1080a4fce021da39da2de34d,1,produce,4,broken shout,broken shout,斑鳩 ルカ,이카루가 루카
2030130060,2b8f5f3918029ebd517f5355dcfe134c,1,support,3,アオハルランナーズ,청춘 러너즈,有栖川 夏葉,아리스가와 나츠하
2030130070,307478ef250f23c74e1f0550005e45c2,1,support,3,If I_wings.,If I_wings.,有栖川 夏葉,아리스가와 나츠하
1040140090,259d3e0e5c884860f455c1ced1ace0c8,1,produce,4,聞いてマイハート,들어줘 마이 하트,大崎 甘奈,오사키 아마나
1040180070,c7f72a9cc58bdd36132ba27591ced730,1,produce,4,名モナキ夜ノ標ニ,이름 없는 밤의 이정표에,黛 冬優子,마유즈미 후유코
1040120090,b86b6fad43a540cb86452006c73ef0f4,1,produce,4,花は,꽃은,杜野 凛世,모리노 린제
2020260010,471fcfa644735a94606e024441b5eb16,1,support,2,２８３プロのヒナ,283프로의 병아리,斑鳩 ルカ,이카루가 루카
2030140050,fbe2aa1e560b9ff427eee2e550761553,1,support,3,For worker,For worker,大崎 甘奈,오사키 아마나
2040050090,a2bf3ebfbc694e1ddfcf6709baed3c7f,1,support,4,COOL JOKERS,COOL JOKERS,田中 摩美々,타나카 마미미
1940260010,65e5c1fa108c8f3c300264e2013b79f2,1,produce,4,アイドルロード,아이돌 로드,斑鳩 ルカ,이카루가 루카
1930260010,2aa99ed66f072eefad563f59453ee90d,1,produce,3,白いツバサ,하얀 날개,斑鳩 ルカ,이카루가 루카
1040020100,684c8698ee7e0f1f147465390e8810e1,1,produce,4,エバー・リメンバー・ネバー,에버 리멤버 네버,風野 灯織,카자노 히오리
2040030110,8ad5bc38950650b28452947ba49baa3c,1,support,4,青風、駆けていく,"청춘의 바람, 달려나간다",八宮 めぐる,하치미야 메구루
2040090100,9d6b16efbb607b3c39e1e54bed08ad63,1,support,4,オルター！,얼터!,小宮 果穂,코미야 카호
1040060080,b91878a511d27e5c3db589d7c3be6ef6,1,produce,4,私をときめかせて,나를 설레게 해,白瀬 咲耶,시라세 사쿠야
2030240030,c7a8c4a420db23185960818fcbbbceb0,1,support,3,羽なしたちの長い日,날개 없는 이들의 긴 하루,七草 にちか,나나쿠사 니치카
1040050090,098c0a0778884998008d796922bb5218,1,produce,4,PURPLE M,PURPLE M,田中 摩美々,타나카 마미미
1040100090,07b7b32ccaf01ddfd4c1b1fa58ff9181,1,produce,4,チョコ for Y♡U,초코 for Y♡U,園田 智代子,소노다 치요코
1040190070,e1d6b31d1b9d17ab54a2d9e8de1ec1dc,1,produce,4,うちと幸せ,나와 행복,和泉 愛依,이즈미 메이
2030110050,2b4ec69b68969dc830510f8d96480880,1,support,3,ゆらりゆられて,흔들흔들 흔들리며,西城 樹里,사이죠 쥬리
2040160100,d27e6efc52bd55980d82a4961998b7da,1,support,4,一瞬を閉じ込め、あなたに,"한순간을 가둬, 당신에게",桑山 千雪,쿠와야마 치유키
1040080080,06d4a5a17a22818301fefe7c3b474386,1,produce,4,空・風・明・鳴,공・풍・명・명,幽谷 霧子,유코쿠 키리코
2040070090,5d05e83c272b02d04fa31ae2e33dd0c6,1,support,4,焦,갈망,三峰 結華,미츠미네 유이카
2040210070,23fa9e559ec6287c150eea176e98f326,1,support,4,漠漠,막막,樋口 円香,히구치 마도카
2040180090,3117892a6d5a73ebde45a112ae9420df,1,support,4,とある日の,어느 날의,黛 冬優子,마유즈미 후유코
1040130090,b7cdc4e4388b4aa36c01dff1b839324e,1,produce,4,Birdy BUddy,Birdy BUddy,有栖川 夏葉,아리스가와 나츠하
2030170040,d27a6f7e4f66038ee8fb56d7928ce419,1,support,3,月に向かって吠えろ,달을 향해 울부짖어라,芹沢 あさひ,세리자와 아사히
2040260010,4fa4ed6b164dde384b4c3c3503652d8e,1,support,4,Splinter,Splinter,斑鳩 ルカ,이카루가 루카
1040150090,f992344f3eee751e624c250402037532,1,produce,4,Eve,Eve,大崎 甜花,오사키 텐카
2030200040,e28457aba228b93b18bdb76b7986ab4e,1,support,3,みずになりかけ,물이 되어가는,浅倉 透,아사쿠라 토오루
2040110090,91bb4d490d51930ebb72e585cd7b29b5,1,support,4,心に浮かぶもの,마음에 떠오르는 것,西城 樹里,사이죠 쥬리
1040250040,12cdafa72f36a7ea92df64eed02486f8,1,produce,4,DIVA,DIVA,緋田 美琴,아케타 미코토
2040100090,b07ab45ae6a3c8899d8aa12702a72c64,1,support,4,chocolate next door,chocolate next door,園田 智代子,소노다 치요코
2040230060,bd22cc35f0860396f87bcd75729b531c,1,support,4,CR-EAT-I♡N,CR-EAT-I♡N,市川 雛菜,이치카와 히나나
2040210080,9669008de6714887e540aa883f2c4c84,1,support,4,暑熱,서열(暑熱),樋口 円香,히구치 마도카
1040090090,11836612e1e45e598ce68b3e58f3dc66,1,produce,4,両手に兄！,양손에 오빠!,小宮 果穂,코미야 카호
1048010010,9311280c3d56c56b435c8f0831835695,1,produce,4,Be red,Be red,ルビー,루비
2030040070,c1cd61c42ba4719bab6fccbd74ddec07,1,support,3,夏空商店街,여름 하늘 상점가,月岡 恋鐘,츠키오카 코가네
2048030010,74182db6c1cce8c35f00b6f2a1373abb,1,support,4,Be yellow,Be yellow,MEMちょ,MEM쵸
1040030100,d45dfd0329a994858aa3a9f005c496ff,1,produce,4,こころレイヤリング,마음 레이어링,八宮 めぐる,하치미야 메구루
1048020010,826a0a95fe37f79495087795cb5c04c4,1,produce,4,Be white,Be white,有馬 かな,아리마 카나
2030220040,ee3e0f0cd1eb85ce66d8ee89d1c2992e,1,support,3,おおきなひと口,커다란 한 입,福丸 小糸,후쿠마루 코이토
2040120100,98074248996a270b6e6321395d5f6ca5,1,support,4,夏彩フレア,여름빛 플레어,杜野 凛世,모리노 린제